092615,1000,11,R,9.50,131239,11400003,L,09/21/15,,,,,,,,,,,,,
092615,1000,11,R,9.50,131239,11400003,L,09/22/15,,,,,,,,,,,,,
092615,1000,11,R,9.50,131239,11400003,L,09/23/15,,,,,,,,,,,,,
092615,1000,11,R,9.50,131239,11400003,L,09/24/15,,,,,,,,,,,,,
092615,1000,11,R,2,131239,11400003,L,09/25/15,,,,,,,,,,,,,
092615,1000,11,O,2,131239,11400003,L,09/25/15,,,,,,,,,,,,,
092615,1002,11,R,9.50,131239,11400003,L,09/21/15,,,,,,,,,,,,,
092615,1002,11,R,9.50,131239,11400003,L,09/22/15,,,,,,,,,,,,,
092615,1002,11,R,9.50,131239,11400003,L,09/23/15,,,,,,,,,,,,,
092615,1002,11,R,9.50,131239,11400003,L,09/24/15,,,,,,,,,,,,,
092615,1002,11,R,2,131239,11400003,L,09/25/15,,,,,,,,,,,,,
092615,1002,11,O,6,131239,11400003,L,09/25/15,,,,,,,,,,,,,
092615,1008,11,R,8.00,151240,11400001,L,09/21/15,,,,,,,,,,,,,
092615,1008,11,R,8.00,151240,11400001,L,09/22/15,,,,,,,,,,,,,
092615,1008,11,R,8.00,151240,11400001,L,09/23/15,,,,,,,,,,,,,
092615,1008,11,R,8.00,151240,11400001,L,09/24/15,,,,,,,,,,,,,
092615,1008,11,R,8.00,151240,11400001,L,09/25/15,,,,,,,,,,,,,
092615,1009,13,R,10,133495,13400003,L,09/21/15,,,,,,,,,,,,,
092615,1009,13,R,10,133495,13400003,L,09/22/15,,,,,,,,,,,,,
092615,1009,13,R,10,133495,13400003,L,09/23/15,,,,,,,,,,,,,
092615,1009,13,R,10,133495,13400003,L,09/24/15,,,,,,,,,,,,,
092615,1009,13,O,12,133495,13400003,L,09/25/15,,,,,,,,,,,,,
092615,1009,13,O,8,133495,13400003,L,09/26/15,,,,,,,,,,,,,
092615,1009,13,O,1,133495,13400003,L,09/21/15,,,,,,,,,,,,,
092615,1009,13,O,0.5,133495,13400003,L,09/22/15,,,,,,,,,,,,,
092615,1009,13,O,1,133495,13400003,L,09/23/15,,,,,,,,,,,,,
092615,1009,13,O,1,133495,13400003,L,09/24/15,,,,,,,,,,,,,
092615,1011,13,R,10.00,153233,13400002,L,09/21/15,,,,,,,,,,,,,
092615,1011,13,R,9.50,153233,13400002,L,09/22/15,,,,,,,,,,,,,
092615,1011,13,R,10.00,153233,13400002,L,09/23/15,,,,,,,,,,,,,
092615,1011,13,R,10.00,153233,13400002,L,09/24/15,,,,,,,,,,,,,
092615,1012,13,R,8.00,153101,13400001,L,09/21/15,,,,,,,,,,,,,
092615,1012,13,R,8.00,153101,13400001,L,09/22/15,,,,,,,,,,,,,
092615,1012,13,R,8.00,153388,13400001,L,09/23/15,,,,,,,,,,,,,
092615,1012,13,R,8.00,153388,13400001,L,09/24/15,,,,,,,,,,,,,
092615,1012,13,R,8.00,153388,13400001,L,09/25/15,,,,,,,,,,,,,
092615,1019,11,R,9.50,131239,11400003,L,09/21/15,,,,,,,,,,,,,
092615,1019,11,R,9.50,131239,11400003,L,09/22/15,,,,,,,,,,,,,
092615,1019,11,R,9.50,131239,11400003,L,09/23/15,,,,,,,,,,,,,
092615,1019,11,R,9.50,131239,11400003,L,09/24/15,,,,,,,,,,,,,
092615,1019,11,R,2,131239,11400003,L,09/25/15,,,,,,,,,,,,,
092615,1019,11,O,2,131239,11400003,L,09/25/15,,,,,,,,,,,,,
092615,1021,13,R,10,153146,13400003,L,09/21/15,,,,,,,,,,,,,
092615,1021,13,R,9.00,153146,13400003,L,09/22/15,,,,,,,,,,,,,
092615,1021,13,R,10.00,153146,13400003,L,09/23/15,,,,,,,,,,,,,
092615,1021,13,R,10.00,153146,13400003,L,09/24/15,,,,,,,,,,,,,
092615,1021,13,R,1,153146,13400003,L,09/25/15,,,,,,,,,,,,,
092615,1021,13,O,2,153146,13400003,L,09/21/15,,,,,,,,,,,,,
092615,1021,13,O,4,153146,13400003,L,09/25/15,,,,,,,,,,,,,
092615,1023,13,R,10.00,153139,13400001,L,09/21/15,,,,,,,,,,,,,
092615,1023,13,R,10.00,153139,13400001,L,09/22/15,,,,,,,,,,,,,
092615,1023,13,R,10.00,153139,13400001,L,09/23/15,,,,,,,,,,,,,
092615,1023,13,R,10,153139,13400001,L,09/24/15,,,,,,,,,,,,,
092615,1023,13,O,5,153139,13400001,L,09/25/15,,,,,,,,,,,,,
092615,1023,13,O,3,153350,13400001,L,09/26/15,,,,,,,,,,,,,
092615,1023,13,O,0,153139,13400001,L,09/24/15,,,,,,,,,,,,,
092615,1024,13,R,10.00,153139,13400002,L,09/21/15,,,,,,,,,,,,,
092615,1024,13,R,10.00,153139,13400002,L,09/22/15,,,,,,,,,,,,,
092615,1024,13,R,10.00,153139,13400002,L,09/23/15,,,,,,,,,,,,,
092615,1024,13,R,10,153139,13400002,L,09/24/15,,,,,,,,,,,,,
092615,1024,13,O,5,153350,13400002,L,09/25/15,,,,,,,,,,,,,
092615,1024,13,O,0,153139,13400002,L,09/24/15,,,,,,,,,,,,,
092615,1026,13,R,10,153146,13400002,L,09/21/15,,,,,,,,,,,,,
092615,1026,13,R,9.00,153146,13400002,L,09/22/15,,,,,,,,,,,,,
092615,1026,13,R,10.00,153146,13400002,L,09/23/15,,,,,,,,,,,,,
092615,1026,13,R,10.00,153146,13400002,L,09/24/15,,,,,,,,,,,,,
092615,1026,13,R,1,153146,13400002,L,09/25/15,,,,,,,,,,,,,
092615,1026,13,O,2,153146,13400002,L,09/21/15,,,,,,,,,,,,,
092615,1026,13,O,4,153146,13400002,L,09/25/15,,,,,,,,,,,,,
092615,1028,13,R,10.00,153349,13400002,L,09/21/15,,,,,,,,,,,,,
092615,1028,13,R,9.00,153349,13400002,L,09/22/15,,,,,,,,,,,,,
092615,1028,13,R,9.00,153349,13400002,L,09/23/15,,,,,,,,,,,,,
092615,1028,13,R,8.00,153349,13400002,L,09/24/15,,,,,,,,,,,,,
092615,1028,13,15,,153349,13401000,L,09/20/15,,,,,,,,,,,,,75.00
092615,1028,13,15,,153349,13401000,L,09/21/15,,,,,,,,,,,,,75.00
092615,1028,13,15,,153349,13401000,L,09/22/15,,,,,,,,,,,,,75.00
092615,1028,13,15,,153349,13401000,L,09/23/15,,,,,,,,,,,,,75.00
092615,1029,13,R,10,153146,13400008,L,09/21/15,,,,,,,,,,,,,
092615,1029,13,R,9.00,153146,13400008,L,09/22/15,,,,,,,,,,,,,
092615,1029,13,R,10.00,153146,13400008,L,09/23/15,,,,,,,,,,,,,
092615,1029,13,R,10.00,153146,13400008,L,09/24/15,,,,,,,,,,,,,
092615,1029,13,R,1,153146,13400008,L,09/25/15,,,,,,,,,,,,,
092615,1029,13,O,2,153146,13400008,L,09/21/15,,,,,,,,,,,,,
092615,1029,13,O,4,153146,13400008,L,09/25/15,,,,,,,,,,,,,
092615,1031,11,R,10,151190,11400003,L,09/21/15,,,,,,,,,,,,,
092615,1031,11,R,10,151190,11400003,L,09/22/15,,,,,,,,,,,,,
092615,1031,11,R,10,151190,11400003,L,09/23/15,,,,,,,,,,,,,
092615,1031,11,R,10,151190,11400003,L,09/24/15,,,,,,,,,,,,,
092615,1031,11,O,9.5,151190,11400003,L,09/25/15,,,,,,,,,,,,,
092615,1031,11,15,,151190,11401000,L,09/21/15,,,,,,,,,,,,,62.00
092615,1031,11,O,1,151190,11400003,L,09/21/15,,,,,,,,,,,,,
092615,1031,11,15,,151190,11401000,L,09/22/15,,,,,,,,,,,,,62.00
092615,1031,11,O,1,151190,11400003,L,09/22/15,,,,,,,,,,,,,
092615,1031,11,15,,151190,11401000,L,09/23/15,,,,,,,,,,,,,62.00
092615,1031,11,O,1,151190,11400003,L,09/23/15,,,,,,,,,,,,,
092615,1031,11,15,,151190,11401000,L,09/24/15,,,,,,,,,,,,,62.00
092615,1031,11,O,0,151190,11400003,L,09/24/15,,,,,,,,,,,,,
092615,1033,11,R,8.00,131239,11400001,L,09/21/15,,,,,,,,,,,,,
092615,1033,11,R,8.00,131239,11400001,L,09/22/15,,,,,,,,,,,,,
092615,1033,11,R,8.00,131239,11400001,L,09/23/15,,,,,,,,,,,,,
092615,1033,11,R,8.00,131239,11400001,L,09/24/15,,,,,,,,,,,,,
092615,1033,11,R,8.00,131239,11400001,L,09/25/15,,,,,,,,,,,,,
092615,1034,11,R,9.50,131239,11400002,L,09/21/15,,,,,,,,,,,,,
092615,1034,11,R,9.50,131239,11400002,L,09/22/15,,,,,,,,,,,,,
092615,1034,11,R,9.50,131239,11400002,L,09/23/15,,,,,,,,,,,,,
092615,1034,11,R,9.50,131239,11400002,L,09/24/15,,,,,,,,,,,,,
092615,1034,11,R,2,131239,11400002,L,09/25/15,,,,,,,,,,,,,
092615,1034,11,O,6,131239,11400002,L,09/25/15,,,,,,,,,,,,,
092615,1035,13,R,10,133496,13400002,L,09/22/15,,,,,,,,,,,,,
092615,1035,13,R,8.00,133496,13400002,L,09/23/15,,,,,,,,,,,,,
092615,1035,13,R,10.00,133496,13400002,L,09/24/15,,,,,,,,,,,,,
092615,1035,13,15,,133496,13401000,L,09/22/15,,,,,,,,,,,,,75.00
092615,1035,13,O,2,133496,13400002,L,09/22/15,,,,,,,,,,,,,
092615,1035,13,15,,133496,13401000,L,09/23/15,,,,,,,,,,,,,75.00
092615,1035,13,15,,133496,13401000,L,09/24/15,,,,,,,,,,,,,75.00
092615,1037,13,R,10,153146,13400003,L,09/21/15,,,,,,,,,,,,,
092615,1037,13,R,9.00,153146,13400003,L,09/22/15,,,,,,,,,,,,,
092615,1037,13,R,10.00,153146,13400003,L,09/23/15,,,,,,,,,,,,,
092615,1037,13,R,10.00,153146,13400003,L,09/24/15,,,,,,,,,,,,,
092615,1037,13,R,1,153146,13400003,L,09/25/15,,,,,,,,,,,,,
092615,1037,13,O,2,153146,13400003,L,09/21/15,,,,,,,,,,,,,
092615,1037,13,O,4,153146,13400003,L,09/25/15,,,,,,,,,,,,,
092615,1040,13,R,12.00,133496,13400001,L,09/21/15,,,,,,,,,,,,,
092615,1040,13,R,15.00,133496,13400001,L,09/22/15,,,,,,,,,,,,,
092615,1040,13,R,12.00,133496,13400001,L,09/23/15,,,,,,,,,,,,,
092615,1040,13,R,1,133496,13400001,L,09/24/15,,,,,,,,,,,,,
092615,1040,13,15,,133496,13401000,L,09/20/15,,,,,,,,,,,,,85.00
092615,1040,13,15,,133496,13401000,L,09/21/15,,,,,,,,,,,,,85.00
092615,1040,13,15,,133496,13401000,L,09/22/15,,,,,,,,,,,,,85.00
092615,1040,13,15,,133496,13401000,L,09/23/15,,,,,,,,,,,,,85.00
092615,1040,13,15,,133496,13401000,L,09/24/15,,,,,,,,,,,,,85.00
092615,1040,13,O,9,133496,13400001,L,09/24/15,,,,,,,,,,,,,
092615,1042,13,V,8.00,153353,13400002,L,09/21/15,,,,,,,,,,,,,
092615,1042,13,V,8.00,153353,13400002,L,09/22/15,,,,,,,,,,,,,
092615,1042,13,V,8.00,153353,13400002,L,09/23/15,,,,,,,,,,,,,
092615,1042,13,V,8.00,153353,13400002,L,09/24/15,,,,,,,,,,,,,
092615,1042,13,V,8.00,153353,13400002,L,09/25/15,,,,,,,,,,,,,
092615,1051,13,R,9.00,153388,13400003,L,09/24/15,,,,,,,,,,,,,
092615,1051,13,R,8.00,153388,13400003,L,09/25/15,,,,,,,,,,,,,
092615,1052,11,R,10.00,131239,11400002,L,09/21/15,,,,,,,,,,,,,
092615,1052,11,R,8.50,131239,11400002,L,09/22/15,,,,,,,,,,,,,
092615,1052,11,R,10.00,131239,11400002,L,09/23/15,,,,,,,,,,,,,
092615,1052,11,R,10.00,131239,11400002,L,09/24/15,,,,,,,,,,,,,
092615,1052,11,R,1.5,131239,11400002,L,09/25/15,,,,,,,,,,,,,
092615,1052,11,O,2,131239,11400002,L,09/25/15,,,,,,,,,,,,,
092615,1057,11,R,8.00,131251,11400001,L,09/21/15,,,,,,,,,,,,,
092615,1057,11,R,8.00,131251,11400001,L,09/22/15,,,,,,,,,,,,,
092615,1057,11,R,8.00,131251,11400001,L,09/23/15,,,,,,,,,,,,,
092615,1057,11,R,8.00,131251,11400001,L,09/24/15,,,,,,,,,,,,,
092615,1057,11,R,8.00,131228,11400001,L,09/25/15,,,,,,,,,,,,,
092615,1059,13,D,8.00,133496,13400003,L,09/20/15,,,,,,,,,,,,,
092615,1059,13,R,10,133496,13400003,L,09/21/15,,,,,,,,,,,,,
092615,1059,13,R,10,133496,13400003,L,09/22/15,,,,,,,,,,,,,
092615,1059,13,R,9.00,133496,13400003,L,09/23/15,,,,,,,,,,,,,
092615,1059,13,R,10.00,133496,13400003,L,09/24/15,,,,,,,,,,,,,
092615,1059,13,R,1,133496,13400003,L,09/25/15,,,,,,,,,,,,,
092615,1059,13,15,,133496,13401000,L,09/20/15,,,,,,,,,,,,,75.00
092615,1059,13,15,,133496,13401000,L,09/21/15,,,,,,,,,,,,,75.00
092615,1059,13,O,2,133496,13400003,L,09/21/15,,,,,,,,,,,,,
092615,1059,13,15,,133496,13401000,L,09/22/15,,,,,,,,,,,,,75.00
092615,1059,13,O,2,133496,13400003,L,09/22/15,,,,,,,,,,,,,
092615,1059,13,15,,133496,13401000,L,09/23/15,,,,,,,,,,,,,75.00
092615,1059,13,15,,133496,13401000,L,09/24/15,,,,,,,,,,,,,75.00
092615,1059,13,O,3,133496,13400003,L,09/25/15,,,,,,,,,,,,,
092615,1067,11,R,8.00,151240,11400002,L,09/21/15,,,,,,,,,,,,,
092615,1067,11,R,8.00,151240,11400002,L,09/22/15,,,,,,,,,,,,,
092615,1067,11,R,8.00,151240,11400002,L,09/23/15,,,,,,,,,,,,,
092615,1067,11,R,8.00,151240,11400002,L,09/24/15,,,,,,,,,,,,,
092615,1067,11,R,8.00,151240,11400002,L,09/25/15,,,,,,,,,,,,,
092615,1072,11,R,8.00,151149,11400001,L,09/21/15,,,,,,,,,,,,,
092615,1072,11,R,8.00,151149,11400001,L,09/21/15,,,,,,,,,,,,,
092615,1072,11,R,8.00,151167,11400001,L,09/22/15,,,,,,,,,,,,,
092615,1072,11,R,8.00,151149,11400001,L,09/22/15,,,,,,,,,,,,,
092615,1072,11,R,8.00,151167,11400001,L,09/23/15,,,,,,,,,,,,,
092615,1101,11,R,9.50,131239,11400003,L,09/21/15,,,,,,,,,,,,,
092615,1101,11,R,11.00,131239,11400003,L,09/22/15,,,,,,,,,,,,,
092615,1101,11,R,10.00,131239,11400003,L,09/23/15,,,,,,,,,,,,,
092615,1101,11,R,9.5,131239,11400003,L,09/24/15,,,,,,,,,,,,,
092615,1101,11,O,9,131239,11400003,L,09/25/15,,,,,,,,,,,,,
092615,1101,11,O,0.5,131239,11400003,L,09/24/15,,,,,,,,,,,,,
092615,1112,13,R,10,133495,13400003,L,09/21/15,,,,,,,,,,,,,
092615,1112,13,R,10,133495,13400003,L,09/22/15,,,,,,,,,,,,,
092615,1112,13,R,9.50,133495,13400003,L,09/23/15,,,,,,,,,,,,,
092615,1112,13,R,10,133495,13400003,L,09/24/15,,,,,,,,,,,,,
092615,1112,13,R,0.5,133495,13400003,L,09/25/15,,,,,,,,,,,,,
092615,1112,13,O,8,133495,13400003,L,09/26/15,,,,,,,,,,,,,
092615,1112,13,O,0.5,133495,13400003,L,09/21/15,,,,,,,,,,,,,
092615,1112,13,O,0.5,133495,13400003,L,09/22/15,,,,,,,,,,,,,
092615,1112,13,O,1,133495,13400003,L,09/24/15,,,,,,,,,,,,,
092615,1112,13,O,2,133495,13400003,L,09/25/15,,,,,,,,,,,,,
092615,1112,13,O,9.5,133495,13400003,L,09/25/15,,,,,,,,,,,,,
092615,1189,13,R,10.00,153139,13400002,L,09/21/15,,,,,,,,,,,,,
092615,1189,13,R,10.00,153139,13400002,L,09/22/15,,,,,,,,,,,,,
092615,1189,13,R,10.00,153139,13400002,L,09/23/15,,,,,,,,,,,,,
092615,1189,13,R,10,153139,13400002,L,09/24/15,,,,,,,,,,,,,
092615,1189,13,O,5,153139,13400002,L,09/25/15,,,,,,,,,,,,,
092615,1189,13,O,0,153139,13400002,L,09/24/15,,,,,,,,,,,,,
092615,1190,13,R,8.00,153139,13400003,L,09/21/15,,,,,,,,,,,,,
092615,1190,13,R,8.00,153139,13400003,L,09/22/15,,,,,,,,,,,,,
092615,1190,13,R,8.00,153139,13400003,L,09/23/15,,,,,,,,,,,,,
092615,1190,13,R,8.00,153139,13400003,L,09/24/15,,,,,,,,,,,,,
092615,1197,11,R,8.00,131239,11400001,L,09/21/15,,,,,,,,,,,,,
092615,1197,11,R,8.00,131239,11400001,L,09/22/15,,,,,,,,,,,,,
092615,1197,11,R,8.00,131239,11400001,L,09/23/15,,,,,,,,,,,,,
092615,1197,11,R,8.00,131239,11400001,L,09/24/15,,,,,,,,,,,,,
092615,1197,11,R,8.00,131239,11400001,L,09/25/15,,,,,,,,,,,,,
092615,1201,11,R,8.00,151149,11400002,L,09/21/15,,,,,,,,,,,,,
092615,1201,11,R,9.00,151149,11400002,L,09/21/15,,,,,,,,,,,,,
092615,1201,11,R,10.00,151240,11400002,L,09/22/15,,,,,,,,,,,,,
092615,1201,11,R,9.00,151240,11400002,L,09/23/15,,,,,,,,,,,,,
092615,1201,11,R,4,151240,11400002,L,09/24/15,,,,,,,,,,,,,
092615,1201,11,O,6,151240,11400002,L,09/25/15,,,,,,,,,,,,,
092615,1201,11,O,5,151240,11400002,L,09/24/15,,,,,,,,,,,,,
092615,1206,13,R,8.00,153349,13400005,L,09/21/15,,,,,,,,,,,,,
092615,1206,13,R,8.00,153349,13400005,L,09/22/15,,,,,,,,,,,,,
092615,1206,13,R,8.00,153349,13400005,L,09/23/15,,,,,,,,,,,,,
092615,1206,13,R,8.00,153349,13400005,L,09/24/15,,,,,,,,,,,,,
092615,1206,13,R,8.00,153349,13400005,L,09/25/15,,,,,,,,,,,,,
092615,1206,13,15,,153349,13401000,L,09/21/15,,,,,,,,,,,,,85.00
092615,1206,13,15,,153349,13401000,L,09/22/15,,,,,,,,,,,,,85.00
092615,1206,13,15,,153349,13401000,L,09/23/15,,,,,,,,,,,,,85.00
092615,1208,11,R,10.00,131251,11400002,L,09/21/15,,,,,,,,,,,,,
092615,1208,11,R,10.00,131251,11400002,L,09/22/15,,,,,,,,,,,,,
092615,1208,11,R,10.00,131251,11400002,L,09/23/15,,,,,,,,,,,,,
092615,1208,11,R,8.00,131251,11400002,L,09/24/15,,,,,,,,,,,,,
092615,1208,11,R,2,141196,11400002,L,09/25/15,,,,,,,,,,,,,
092615,1208,11,O,5,141196,11400002,L,09/25/15,,,,,,,,,,,,,
092615,1209,13,R,8.00,153388,13400003,L,09/23/15,,,,,,,,,,,,,
092615,1209,13,R,9.00,153388,13400003,L,09/24/15,,,,,,,,,,,,,
092615,1209,13,R,8.00,153388,13400003,L,09/25/15,,,,,,,,,,,,,
092615,1210,13,R,10,153146,13400002,L,09/21/15,,,,,,,,,,,,,
092615,1210,13,R,9.00,153146,13400002,L,09/22/15,,,,,,,,,,,,,
092615,1210,13,R,10.00,153146,13400002,L,09/23/15,,,,,,,,,,,,,
092615,1210,13,R,10.00,153146,13400002,L,09/24/15,,,,,,,,,,,,,
092615,1210,13,R,1,153146,13400002,L,09/25/15,,,,,,,,,,,,,
092615,1210,13,O,2,153146,13400002,L,09/21/15,,,,,,,,,,,,,
092615,1210,13,O,4,153146,13400002,L,09/25/15,,,,,,,,,,,,,
092615,1211,13,R,10.00,153233,13400005,L,09/21/15,,,,,,,,,,,,,
092615,1211,13,R,9.50,153233,13400005,L,09/22/15,,,,,,,,,,,,,
092615,1211,13,R,10.00,153233,13400005,L,09/23/15,,,,,,,,,,,,,
092615,1211,13,R,10,153233,13400005,L,09/24/15,,,,,,,,,,,,,
092615,1211,13,R,0.5,153101,13400005,L,09/25/15,,,,,,,,,,,,,
092615,1211,13,O,1,153233,13400005,L,09/24/15,,,,,,,,,,,,,
092615,1211,13,O,3.5,153101,13400005,L,09/25/15,,,,,,,,,,,,,
092615,1215,11,R,8.50,151149,11400003,L,09/21/15,,,,,,,,,,,,,
092615,1215,11,R,9.00,151149,11400003,L,09/21/15,,,,,,,,,,,,,
092615,1215,11,R,10.00,131251,11400003,L,09/22/15,,,,,,,,,,,,,
092615,1215,11,R,10.00,131251,11400003,L,09/23/15,,,,,,,,,,,,,
092615,1215,11,R,2.5,131251,11400003,L,09/24/15,,,,,,,,,,,,,
092615,1215,13,O,1.5,153184,13400003,L,09/24/15,,,,,,,,,,,,,
092615,1215,11,O,5.5,131251,11400003,L,09/24/15,,,,,,,,,,,,,
092615,1217,11,R,9.00,141195,11400003,L,09/21/15,,,,,,,,,,,,,
092615,1217,11,R,9.00,141195,11400003,L,09/22/15,,,,,,,,,,,,,
092615,1217,11,R,10,141195,11400003,L,09/23/15,,,,,,,,,,,,,
092615,1217,11,R,9.00,141195,11400003,L,09/24/15,,,,,,,,,,,,,
092615,1217,11,R,3,131228,11400003,L,09/25/15,,,,,,,,,,,,,
092615,1217,11,O,1,141195,11400003,L,09/23/15,,,,,,,,,,,,,
092615,1217,11,O,3,131228,11400003,L,09/25/15,,,,,,,,,,,,,
092615,1218,11,R,9.50,131239,11400003,L,09/21/15,,,,,,,,,,,,,
092615,1218,11,R,9.50,131239,11400003,L,09/22/15,,,,,,,,,,,,,
092615,1218,11,R,9.50,131239,11400003,L,09/23/15,,,,,,,,,,,,,
092615,1218,11,R,9.50,131239,11400003,L,09/24/15,,,,,,,,,,,,,
092615,1218,11,R,2,131239,11400003,L,09/25/15,,,,,,,,,,,,,
092615,1218,11,O,2,131239,11400003,L,09/25/15,,,,,,,,,,,,,
092615,1221,11,R,9.50,131239,11400002,L,09/21/15,,,,,,,,,,,,,
092615,1221,11,R,9.50,131239,11400002,L,09/22/15,,,,,,,,,,,,,
092615,1221,11,R,9.50,131239,11400002,L,09/23/15,,,,,,,,,,,,,
092615,1221,11,R,9.50,131239,11400002,L,09/24/15,,,,,,,,,,,,,
092615,1221,11,R,2,131239,11400002,L,09/25/15,,,,,,,,,,,,,
092615,1221,11,O,2,131239,11400002,L,09/25/15,,,,,,,,,,,,,
092615,1224,13,R,8.00,153388,13400002,L,09/23/15,,,,,,,,,,,,,
092615,1224,13,R,9.00,153388,13400002,L,09/24/15,,,,,,,,,,,,,
092615,1224,13,R,8.00,153388,13400002,L,09/25/15,,,,,,,,,,,,,
092615,1228,13,R,10.00,153349,13400008,L,09/21/15,,,,,,,,,,,,,
092615,1228,13,15,,153349,13401000,L,09/21/15,,,,,,,,,,,,,62.00
092615,1232,13,R,8.00,153388,13400003,L,09/23/15,,,,,,,,,,,,,
092615,1232,13,R,9.00,153388,13400003,L,09/24/15,,,,,,,,,,,,,
092615,1232,13,R,8.00,153388,13400003,L,09/25/15,,,,,,,,,,,,,
092615,1240,13,R,8.00,153132,13400001,L,09/21/15,,,,,,,,,,,,,
092615,1240,13,R,8.00,153388,13400001,L,09/22/15,,,,,,,,,,,,,
092615,1240,13,R,8.00,153388,13400001,L,09/23/15,,,,,,,,,,,,,
092615,1240,13,R,8.00,153388,13400001,L,09/24/15,,,,,,,,,,,,,
092615,1240,13,R,8.00,153388,13400001,L,09/25/15,,,,,,,,,,,,,
092615,1244,11,R,9.50,131239,11400002,L,09/21/15,,,,,,,,,,,,,
092615,1244,11,R,9.50,131239,11400002,L,09/22/15,,,,,,,,,,,,,
092615,1244,11,R,9.50,131239,11400002,L,09/23/15,,,,,,,,,,,,,
092615,1244,11,R,9.50,131239,11400002,L,09/24/15,,,,,,,,,,,,,
092615,1244,11,R,2,131239,11400002,L,09/25/15,,,,,,,,,,,,,
092615,1244,11,O,2,131239,11400002,L,09/25/15,,,,,,,,,,,,,
092615,1245,13,D,9.00,133496,13400003,L,09/20/15,,,,,,,,,,,,,
092615,1245,13,R,10,133496,13400003,L,09/21/15,,,,,,,,,,,,,
092615,1245,13,R,10,133496,13400003,L,09/22/15,,,,,,,,,,,,,
092615,1245,13,R,9.00,133496,13400003,L,09/23/15,,,,,,,,,,,,,
092615,1245,13,R,10.00,133496,13400003,L,09/24/15,,,,,,,,,,,,,
092615,1245,13,15,,133496,13401000,L,09/20/15,,,,,,,,,,,,,75.00
092615,1245,13,15,,133496,13401000,L,09/21/15,,,,,,,,,,,,,75.00
092615,1245,13,O,2,133496,13400003,L,09/21/15,,,,,,,,,,,,,
092615,1245,13,15,,133496,13401000,L,09/22/15,,,,,,,,,,,,,75.00
092615,1245,13,O,2,133496,13400003,L,09/22/15,,,,,,,,,,,,,
092615,1245,13,15,,133496,13401000,L,09/23/15,,,,,,,,,,,,,75.00
092615,1245,13,15,,133496,13401000,L,09/24/15,,,,,,,,,,,,,75.00
092615,1246,13,R,9.00,153388,13400003,L,09/24/15,,,,,,,,,,,,,
092615,1246,13,R,8.00,153388,13400003,L,09/25/15,,,,,,,,,,,,,
092615,1247,13,R,10.00,153349,13400003,L,09/21/15,,,,,,,,,,,,,
092615,1247,13,R,9.00,153349,13400003,L,09/22/15,,,,,,,,,,,,,
092615,1247,13,R,9.00,153349,13400003,L,09/23/15,,,,,,,,,,,,,
092615,1247,13,R,8.00,153349,13400003,L,09/24/15,,,,,,,,,,,,,
092615,1247,13,15,,153349,13401000,L,09/21/15,,,,,,,,,,,,,62.00
092615,1247,13,15,,153349,13401000,L,09/22/15,,,,,,,,,,,,,62.00
092615,1247,13,15,,153349,13401000,L,09/23/15,,,,,,,,,,,,,62.00
092615,1251,13,R,8.00,153353,13400001,L,09/21/15,,,,,,,,,,,,,
092615,1251,13,R,8.00,153353,13400001,L,09/22/15,,,,,,,,,,,,,
092615,1251,13,R,8.00,153353,13400001,L,09/23/15,,,,,,,,,,,,,
092615,1251,13,R,8.00,153353,13400001,L,09/24/15,,,,,,,,,,,,,
092615,1251,13,R,8.00,153353,13400001,L,09/25/15,,,,,,,,,,,,,
092615,1256,13,R,10,153146,13400005,L,09/21/15,,,,,,,,,,,,,
092615,1256,13,R,9.50,153146,13400005,L,09/22/15,,,,,,,,,,,,,
092615,1256,13,R,10,153146,13400005,L,09/23/15,,,,,,,,,,,,,
092615,1256,13,R,10.00,153146,13400005,L,09/24/15,,,,,,,,,,,,,
092615,1256,13,R,0.5,153146,13400005,L,09/25/15,,,,,,,,,,,,,
092615,1256,13,O,2,153146,13400005,L,09/21/15,,,,,,,,,,,,,
092615,1256,13,O,0.5,153146,13400005,L,09/23/15,,,,,,,,,,,,,
092615,1256,13,O,4.5,153146,13400005,L,09/25/15,,,,,,,,,,,,,
092615,1266,13,R,9.00,143437,13400002,L,09/21/15,,,,,,,,,,,,,
092615,1266,13,R,10,143192,13400002,L,09/22/15,,,,,,,,,,,,,
092615,1266,13,R,9.50,143437,13400002,L,09/23/15,,,,,,,,,,,,,
092615,1266,13,R,10,143437,13400002,L,09/24/15,,,,,,,,,,,,,
092615,1266,13,R,1.5,143437,13400002,L,09/25/15,,,,,,,,,,,,,
092615,1266,13,O,2,143192,13400002,L,09/22/15,,,,,,,,,,,,,
092615,1266,13,15,,143437,13401000,L,09/23/15,,,,,,,,,,,,,0.00
092615,1266,13,15,,143437,13401000,L,09/24/15,,,,,,,,,,,,,62.00
092615,1266,13,O,0.5,143437,13400002,L,09/24/15,,,,,,,,,,,,,
092615,1266,13,O,6.5,143437,13400002,L,09/25/15,,,,,,,,,,,,,
092615,1268,13,R,8.00,153271,13400002,L,09/21/15,,,,,,,,,,,,,
092615,1268,13,R,8.00,153271,13400002,L,09/22/15,,,,,,,,,,,,,
092615,1268,13,R,8.00,153271,13400002,L,09/23/15,,,,,,,,,,,,,
092615,1268,13,R,8.00,153271,13400002,L,09/24/15,,,,,,,,,,,,,
092615,1268,13,R,8.00,153271,13400002,L,09/25/15,,,,,,,,,,,,,
092615,1293,13,R,8.00,133495,13400001,L,09/21/15,,,,,,,,,,,,,
092615,1293,13,R,8.00,133495,13400001,L,09/22/15,,,,,,,,,,,,,
092615,1293,13,R,8.00,133495,13400001,L,09/23/15,,,,,,,,,,,,,
092615,1293,13,R,8.00,133495,13400001,L,09/24/15,,,,,,,,,,,,,
092615,1293,13,R,8.00,133495,13400001,L,09/25/15,,,,,,,,,,,,,
092615,1296,11,R,8.00,131239,11400001,L,09/20/15,,,,,,,,,,,,,
092615,1296,11,R,8.00,131239,11400001,L,09/21/15,,,,,,,,,,,,,
092615,1296,11,R,8.00,131239,11400001,L,09/22/15,,,,,,,,,,,,,
092615,1296,11,R,8.00,131239,11400001,L,09/23/15,,,,,,,,,,,,,
092615,1296,11,R,8.00,131239,11400001,L,09/24/15,,,,,,,,,,,,,
092615,1299,13,R,10.00,153233,13400003,L,09/21/15,,,,,,,,,,,,,
092615,1299,13,R,9.50,153233,13400003,L,09/22/15,,,,,,,,,,,,,
092615,1299,13,R,10.00,153233,13400003,L,09/23/15,,,,,,,,,,,,,
092615,1299,13,R,10,153233,13400003,L,09/24/15,,,,,,,,,,,,,
092615,1299,13,O,1,153233,13400003,L,09/24/15,,,,,,,,,,,,,
092615,1316,11,R,9.00,151149,11400003,L,09/21/15,,,,,,,,,,,,,
092615,1316,11,R,8.50,151149,11400003,L,09/21/15,,,,,,,,,,,,,
092615,1316,11,R,10.00,131251,11400003,L,09/22/15,,,,,,,,,,,,,
092615,1316,11,R,10.00,131251,11400003,L,09/23/15,,,,,,,,,,,,,
092615,1316,11,R,2.5,131251,11400003,L,09/24/15,,,,,,,,,,,,,
092615,1316,13,O,1.5,153184,13400003,L,09/24/15,,,,,,,,,,,,,
092615,1316,11,O,5.5,131251,11400003,L,09/24/15,,,,,,,,,,,,,
092615,1329,11,R,10.00,131239,11400002,L,09/21/15,,,,,,,,,,,,,
092615,1329,11,R,9.50,131239,11400002,L,09/22/15,,,,,,,,,,,,,
092615,1329,11,R,10.00,131239,11400002,L,09/23/15,,,,,,,,,,,,,
092615,1329,11,R,10.00,131239,11400002,L,09/24/15,,,,,,,,,,,,,
092615,1329,11,R,0.5,131239,11400002,L,09/25/15,,,,,,,,,,,,,
092615,1329,11,O,3,131239,11400002,L,09/25/15,,,,,,,,,,,,,
092615,1335,13,R,10,133495,13400002,L,09/21/15,,,,,,,,,,,,,
092615,1335,13,R,10,133495,13400002,L,09/22/15,,,,,,,,,,,,,
092615,1335,13,R,9.50,133495,13400002,L,09/23/15,,,,,,,,,,,,,
092615,1335,13,R,10,133495,13400002,L,09/24/15,,,,,,,,,,,,,
092615,1335,13,R,0.5,133495,13400002,L,09/25/15,,,,,,,,,,,,,
092615,1335,13,O,0.5,133495,13400002,L,09/21/15,,,,,,,,,,,,,
092615,1335,13,O,1,133495,13400002,L,09/22/15,,,,,,,,,,,,,
092615,1335,13,O,1,133495,13400002,L,09/24/15,,,,,,,,,,,,,
092615,1335,13,O,2,133495,13400002,L,09/25/15,,,,,,,,,,,,,
092615,1335,13,O,9.5,133495,13400002,L,09/25/15,,,,,,,,,,,,,
092615,1355,11,R,8.00,131239,11400003,L,09/20/15,,,,,,,,,,,,,
092615,1355,11,R,8.00,131251,11400003,L,09/21/15,,,,,,,,,,,,,
092615,1355,11,R,8.00,131239,11400003,L,09/21/15,,,,,,,,,,,,,
092615,1355,11,R,8.00,131239,11400003,L,09/22/15,,,,,,,,,,,,,
092615,1355,11,R,8.00,131239,11400003,L,09/23/15,,,,,,,,,,,,,
092615,1365,13,R,10,153271,13400002,L,09/21/15,,,,,,,,,,,,,
092615,1365,13,R,10.00,153271,13400002,L,09/22/15,,,,,,,,,,,,,
092615,1365,13,R,9.00,153271,13400002,L,09/23/15,,,,,,,,,,,,,
092615,1365,13,R,10.00,153271,13400002,L,09/24/15,,,,,,,,,,,,,
092615,1365,13,R,1,153271,13400002,L,09/25/15,,,,,,,,,,,,,
092615,1365,13,O,2,153271,13400002,L,09/21/15,,,,,,,,,,,,,
092615,1365,13,O,9,153271,13400002,L,09/25/15,,,,,,,,,,,,,
092615,1376,13,R,10.00,153184,13400008,L,09/24/15,,,,,,,,,,,,,
092615,1376,13,15,,153184,13401000,L,09/24/15,,,,,,,,,,,,,62.00
092615,1377,11,R,10.00,131239,11400003,L,09/21/15,,,,,,,,,,,,,
092615,1377,11,R,9.50,131239,11400003,L,09/22/15,,,,,,,,,,,,,
092615,1377,11,R,10.00,131239,11400003,L,09/23/15,,,,,,,,,,,,,
092615,1377,11,R,10.00,131239,11400003,L,09/24/15,,,,,,,,,,,,,
092615,1377,11,R,0.5,131239,11400003,L,09/25/15,,,,,,,,,,,,,
092615,1377,11,O,3,131239,11400003,L,09/25/15,,,,,,,,,,,,,
092615,1378,11,R,10.00,151240,11400003,L,09/21/15,,,,,,,,,,,,,
092615,1378,11,R,10.00,151240,11400003,L,09/22/15,,,,,,,,,,,,,
092615,1378,11,R,9.00,151240,11400003,L,09/23/15,,,,,,,,,,,,,
092615,1378,11,R,9.00,151240,11400003,L,09/24/15,,,,,,,,,,,,,
092615,1378,11,R,2,151240,11400003,L,09/25/15,,,,,,,,,,,,,
092615,1378,11,O,4,151240,11400003,L,09/25/15,,,,,,,,,,,,,
092615,1428,13,R,10.00,153349,13400003,L,09/21/15,,,,,,,,,,,,,
092615,1428,13,R,9.00,153349,13400003,L,09/22/15,,,,,,,,,,,,,
092615,1428,13,R,9.00,153349,13400003,L,09/23/15,,,,,,,,,,,,,
092615,1428,13,R,8.00,153349,13400003,L,09/24/15,,,,,,,,,,,,,
092615,1428,13,15,,153349,13401000,L,09/21/15,,,,,,,,,,,,,62.00
092615,1428,13,15,,153349,13401000,L,09/22/15,,,,,,,,,,,,,62.00
092615,1428,13,15,,153349,13401000,L,09/23/15,,,,,,,,,,,,,62.00
092615,1454,13,R,10.00,153233,13400003,L,09/21/15,,,,,,,,,,,,,
092615,1454,13,R,9.50,153233,13400003,L,09/22/15,,,,,,,,,,,,,
092615,1454,13,R,10.00,153233,13400003,L,09/23/15,,,,,,,,,,,,,
092615,1454,13,R,10,153233,13400003,L,09/24/15,,,,,,,,,,,,,
092615,1454,13,15,,153233,13401000,L,09/21/15,,,,,,,,,,,,,62.00
092615,1454,13,15,,153233,13401000,L,09/22/15,,,,,,,,,,,,,62.00
092615,1454,13,15,,153233,13401000,L,09/23/15,,,,,,,,,,,,,62.00
092615,1454,13,15,,153233,13401000,L,09/24/15,,,,,,,,,,,,,62.00
092615,1454,13,O,1,153233,13400003,L,09/24/15,,,,,,,,,,,,,
092615,1461,13,D,8.00,133496,13400003,L,09/20/15,,,,,,,,,,,,,
092615,1461,13,R,10,133496,13400003,L,09/21/15,,,,,,,,,,,,,
092615,1461,13,R,10,133496,13400003,L,09/22/15,,,,,,,,,,,,,
092615,1461,13,R,9.00,133496,13400003,L,09/23/15,,,,,,,,,,,,,
092615,1461,13,R,10.00,133496,13400003,L,09/24/15,,,,,,,,,,,,,
092615,1461,13,15,,133496,13401000,L,09/20/15,,,,,,,,,,,,,75.00
092615,1461,13,15,,133496,13401000,L,09/21/15,,,,,,,,,,,,,75.00
092615,1461,13,O,2,133496,13400003,L,09/21/15,,,,,,,,,,,,,
092615,1461,13,15,,133496,13401000,L,09/22/15,,,,,,,,,,,,,75.00
092615,1461,13,O,2,133496,13400003,L,09/22/15,,,,,,,,,,,,,
092615,1461,13,15,,133496,13401000,L,09/23/15,,,,,,,,,,,,,75.00
092615,1461,13,15,,133496,13401000,L,09/24/15,,,,,,,,,,,,,75.00
092615,1463,13,D,9.00,133496,13400002,L,09/20/15,,,,,,,,,,,,,
092615,1463,13,R,10,133496,13400002,L,09/21/15,,,,,,,,,,,,,
092615,1463,13,R,10,133496,13400002,L,09/22/15,,,,,,,,,,,,,
092615,1463,13,R,9.00,133496,13400002,L,09/23/15,,,,,,,,,,,,,
092615,1463,13,R,10.00,133496,13400002,L,09/24/15,,,,,,,,,,,,,
092615,1463,13,15,,133496,13401000,L,09/20/15,,,,,,,,,,,,,62.00
092615,1463,13,15,,133496,13401000,L,09/21/15,,,,,,,,,,,,,62.00
092615,1463,13,O,5,133496,13400002,L,09/21/15,,,,,,,,,,,,,
092615,1463,13,15,,133496,13401000,L,09/22/15,,,,,,,,,,,,,62.00
092615,1463,13,O,2,133496,13400002,L,09/22/15,,,,,,,,,,,,,
092615,1463,13,15,,133496,13401000,L,09/23/15,,,,,,,,,,,,,62.00
092615,1463,13,15,,133496,13401000,L,09/24/15,,,,,,,,,,,,,62.00
092615,1477,13,D,8.00,133496,13400002,L,09/20/15,,,,,,,,,,,,,
092615,1477,13,R,8,133496,13400002,L,09/21/15,,,,,,,,,,,,,
092615,1477,13,R,8,133496,13400002,L,09/22/15,,,,,,,,,,,,,
092615,1477,13,R,8,133496,13400002,L,09/23/15,,,,,,,,,,,,,
092615,1477,13,R,8,133496,13400002,L,09/24/15,,,,,,,,,,,,,
092615,1477,13,15,,133496,13401000,L,09/20/15,,,,,,,,,,,,,75.00
092615,1477,13,15,,133496,13401000,L,09/21/15,,,,,,,,,,,,,75.00
092615,1477,13,O,4,133496,13400002,L,09/21/15,,,,,,,,,,,,,
092615,1477,13,15,,133496,13401000,L,09/22/15,,,,,,,,,,,,,75.00
092615,1477,13,O,4,133496,13400002,L,09/22/15,,,,,,,,,,,,,
092615,1477,13,15,,133496,13401000,L,09/23/15,,,,,,,,,,,,,75.00
092615,1477,13,O,1,133496,13400002,L,09/23/15,,,,,,,,,,,,,
092615,1477,13,15,,133496,13401000,L,09/24/15,,,,,,,,,,,,,75.00
092615,1477,13,O,2,133496,13400002,L,09/24/15,,,,,,,,,,,,,
092615,1486,13,R,8.00,153388,13400003,L,09/23/15,,,,,,,,,,,,,
092615,1486,13,R,9.00,153388,13400003,L,09/24/15,,,,,,,,,,,,,
092615,1486,13,R,8.00,153388,13400003,L,09/25/15,,,,,,,,,,,,,
092615,1494,13,R,10.00,153349,13400002,L,09/21/15,,,,,,,,,,,,,
092615,1494,13,R,9.00,153349,13400002,L,09/22/15,,,,,,,,,,,,,
092615,1494,13,R,9.00,153349,13400002,L,09/23/15,,,,,,,,,,,,,
092615,1494,13,R,8.00,153349,13400002,L,09/24/15,,,,,,,,,,,,,
092615,1494,13,15,,153349,13401000,L,09/21/15,,,,,,,,,,,,,62.00
092615,1494,13,15,,153349,13401000,L,09/22/15,,,,,,,,,,,,,62.00
092615,1494,13,15,,153349,13401000,L,09/23/15,,,,,,,,,,,,,62.00
092615,1558,13,R,9.00,153353,13400003,L,09/21/15,,,,,,,,,,,,,
092615,1558,13,R,10.00,153353,13400003,L,09/22/15,,,,,,,,,,,,,
092615,1558,13,R,9.00,153353,13400003,L,09/23/15,,,,,,,,,,,,,
092615,1558,13,R,9.00,153353,13400003,L,09/24/15,,,,,,,,,,,,,
092615,1558,13,R,3,153353,13400003,L,09/25/15,,,,,,,,,,,,,
092615,1558,13,O,1,153353,13400003,L,09/25/15,,,,,,,,,,,,,
092615,1563,13,R,10.00,153139,13400003,L,09/21/15,,,,,,,,,,,,,
092615,1563,13,R,10.00,153139,13400003,L,09/22/15,,,,,,,,,,,,,
092615,1563,13,R,10.00,153139,13400003,L,09/23/15,,,,,,,,,,,,,
092615,1563,13,R,10,153139,13400003,L,09/24/15,,,,,,,,,,,,,
092615,1563,13,O,5,153350,13400003,L,09/25/15,,,,,,,,,,,,,
092615,1563,13,O,0,153139,13400003,L,09/24/15,,,,,,,,,,,,,
092615,1575,13,D,9.00,133496,13400003,L,09/20/15,,,,,,,,,,,,,
092615,1575,13,R,10,133496,13400003,L,09/21/15,,,,,,,,,,,,,
092615,1575,13,R,10,133496,13400003,L,09/22/15,,,,,,,,,,,,,
092615,1575,13,R,8.00,133496,13400003,L,09/23/15,,,,,,,,,,,,,
092615,1575,13,R,10.00,133496,13400003,L,09/24/15,,,,,,,,,,,,,
092615,1575,13,15,,133496,13401000,L,09/20/15,,,,,,,,,,,,,75.00
092615,1575,13,15,,133496,13401000,L,09/21/15,,,,,,,,,,,,,75.00
092615,1575,13,O,5,133496,13400003,L,09/21/15,,,,,,,,,,,,,
092615,1575,13,15,,133496,13401000,L,09/22/15,,,,,,,,,,,,,75.00
092615,1575,13,O,2,133496,13400003,L,09/22/15,,,,,,,,,,,,,
092615,1575,13,15,,133496,13401000,L,09/23/15,,,,,,,,,,,,,75.00
092615,1575,13,15,,133496,13401000,L,09/24/15,,,,,,,,,,,,,75.00
092615,1577,13,R,10.00,153233,13400003,L,09/21/15,,,,,,,,,,,,,
092615,1577,13,R,9.50,153233,13400003,L,09/22/15,,,,,,,,,,,,,
092615,1577,13,R,10.00,153233,13400003,L,09/23/15,,,,,,,,,,,,,
092615,1577,13,R,10,153233,13400003,L,09/24/15,,,,,,,,,,,,,
092615,1577,13,O,1,153233,13400003,L,09/24/15,,,,,,,,,,,,,
092615,1578,14,R,8.00,154101,14400001,L,09/21/15,,,,,,,,,,,,,
092615,1578,14,R,8.00,154248,14400001,L,09/22/15,,,,,,,,,,,,,
092615,1578,14,R,8.00,154101,14400001,L,09/22/15,,,,,,,,,,,,,
092615,1578,14,R,8.00,154248,14400001,L,09/23/15,,,,,,,,,,,,,
092615,1578,14,R,8.00,154248,14400001,L,09/24/15,,,,,,,,,,,,,
092615,1578,14,R,8.00,154248,14400001,L,09/25/15,,,,,,,,,,,,,
092615,1578,14,15,,154248,14401000,L,09/22/15,,,,,,,,,,,,,95.00
092615,1578,14,15,,154248,14401000,L,09/23/15,,,,,,,,,,,,,95.00
092615,1578,14,15,,154248,14401000,L,09/24/15,,,,,,,,,,,,,95.00
092615,1586,13,D,9.00,133496,13400002,L,09/20/15,,,,,,,,,,,,,
092615,1586,13,R,10,133496,13400002,L,09/21/15,,,,,,,,,,,,,
092615,1586,13,R,10,133496,13400002,L,09/22/15,,,,,,,,,,,,,
092615,1586,13,R,9.00,133496,13400002,L,09/23/15,,,,,,,,,,,,,
092615,1586,13,R,10.00,133496,13400002,L,09/24/15,,,,,,,,,,,,,
092615,1586,13,15,,133496,13401000,L,09/20/15,,,,,,,,,,,,,75.00
092615,1586,13,15,,133496,13401000,L,09/21/15,,,,,,,,,,,,,75.00
092615,1586,13,O,5,133496,13400002,L,09/21/15,,,,,,,,,,,,,
092615,1586,13,15,,133496,13401000,L,09/22/15,,,,,,,,,,,,,75.00
092615,1586,13,O,2,133496,13400002,L,09/22/15,,,,,,,,,,,,,
092615,1586,13,15,,133496,13401000,L,09/23/15,,,,,,,,,,,,,75.00
092615,1586,13,15,,133496,13401000,L,09/24/15,,,,,,,,,,,,,75.00
092615,1587,13,R,10,133496,13400003,L,09/21/15,,,,,,,,,,,,,
092615,1587,13,R,10,133496,13400003,L,09/22/15,,,,,,,,,,,,,
092615,1587,13,R,9.00,133496,13400003,L,09/23/15,,,,,,,,,,,,,
092615,1587,13,R,10.00,133496,13400003,L,09/24/15,,,,,,,,,,,,,
092615,1587,13,15,,133496,13401000,L,09/20/15,,,,,,,,,,,,,75.00
092615,1587,13,15,,133496,13401000,L,09/21/15,,,,,,,,,,,,,75.00
092615,1587,13,O,2,133496,13400003,L,09/21/15,,,,,,,,,,,,,
092615,1587,13,15,,133496,13401000,L,09/22/15,,,,,,,,,,,,,75.00
092615,1587,13,O,2,133496,13400003,L,09/22/15,,,,,,,,,,,,,
092615,1587,13,15,,133496,13401000,L,09/23/15,,,,,,,,,,,,,75.00
092615,1587,13,15,,133496,13401000,L,09/24/15,,,,,,,,,,,,,75.00
092615,1601,11,R,9.50,131239,11400003,L,09/21/15,,,,,,,,,,,,,
092615,1601,11,R,9.50,131239,11400003,L,09/22/15,,,,,,,,,,,,,
092615,1601,11,R,9.50,131239,11400003,L,09/23/15,,,,,,,,,,,,,
092615,1601,11,R,9.50,131239,11400003,L,09/24/15,,,,,,,,,,,,,
092615,1601,11,R,2,131239,11400003,L,09/25/15,,,,,,,,,,,,,
092615,1601,11,O,2,131239,11400003,L,09/25/15,,,,,,,,,,,,,
092615,1608,13,R,10,133495,13400003,L,09/21/15,,,,,,,,,,,,,
092615,1608,13,R,10,133495,13400003,L,09/22/15,,,,,,,,,,,,,
092615,1608,13,R,10,133495,13400003,L,09/23/15,,,,,,,,,,,,,
092615,1608,13,R,10,133495,13400003,L,09/24/15,,,,,,,,,,,,,
092615,1608,13,O,12.5,133495,13400003,L,09/25/15,,,,,,,,,,,,,
092615,1608,13,O,8,133495,13400003,L,09/26/15,,,,,,,,,,,,,
092615,1608,13,O,1,133495,13400003,L,09/21/15,,,,,,,,,,,,,
092615,1608,13,O,1,133495,13400003,L,09/22/15,,,,,,,,,,,,,
092615,1608,13,O,1,133495,13400003,L,09/23/15,,,,,,,,,,,,,
092615,1608,13,O,1,133495,13400003,L,09/24/15,,,,,,,,,,,,,
092615,1609,13,R,10,133495,13400003,L,09/21/15,,,,,,,,,,,,,
092615,1609,13,R,10,133495,13400003,L,09/22/15,,,,,,,,,,,,,
092615,1609,13,R,10,133495,13400003,L,09/23/15,,,,,,,,,,,,,
092615,1609,13,R,10,133495,13400003,L,09/24/15,,,,,,,,,,,,,
092615,1609,13,O,12,133495,13400003,L,09/25/15,,,,,,,,,,,,,
092615,1609,13,O,8,133495,13400003,L,09/26/15,,,,,,,,,,,,,
092615,1609,13,O,1,133495,13400003,L,09/21/15,,,,,,,,,,,,,
092615,1609,13,O,1,133495,13400003,L,09/22/15,,,,,,,,,,,,,
092615,1609,13,O,1,133495,13400003,L,09/23/15,,,,,,,,,,,,,
092615,1609,13,O,1,133495,13400003,L,09/24/15,,,,,,,,,,,,,
092615,1614,11,R,10.50,131239,11400003,L,09/21/15,,,,,,,,,,,,,
092615,1614,11,R,10.50,131239,11400003,L,09/22/15,,,,,,,,,,,,,
092615,1614,11,R,11.00,131239,11400003,L,09/23/15,,,,,,,,,,,,,
092615,1614,11,R,8,131239,11400003,L,09/24/15,,,,,,,,,,,,,
092615,1614,11,O,5,131239,11400003,L,09/25/15,,,,,,,,,,,,,
092615,1614,11,O,2.5,131239,11400003,L,09/24/15,,,,,,,,,,,,,
092615,1629,11,R,9.50,151149,11400003,L,09/21/15,,,,,,,,,,,,,
092615,1629,11,R,8.00,151149,11400003,L,09/21/15,,,,,,,,,,,,,
092615,1629,11,R,3.50,151167,11400003,L,09/22/15,,,,,,,,,,,,,
092615,1629,11,R,5.00,151149,11400003,L,09/22/15,,,,,,,,,,,,,
092615,1629,11,R,4.00,151149,11400003,L,09/23/15,,,,,,,,,,,,,
092615,1629,11,R,4.50,151167,11400003,L,09/23/15,,,,,,,,,,,,,
092615,1629,11,R,5.5,151167,11400003,L,09/24/15,,,,,,,,,,,,,
092615,1629,11,O,2.5,151149,11400003,L,09/24/15,,,,,,,,,,,,,
092615,1629,11,O,5.5,151167,11400003,L,09/25/15,,,,,,,,,,,,,
092615,1629,11,O,0,151167,11400003,L,09/24/15,,,,,,,,,,,,,
092615,1640,13,D,9.00,133496,13400003,L,09/20/15,,,,,,,,,,,,,
092615,1640,13,R,10,133496,13400003,L,09/21/15,,,,,,,,,,,,,
092615,1640,13,R,10,133496,13400003,L,09/22/15,,,,,,,,,,,,,
092615,1640,13,R,8.00,133496,13400003,L,09/23/15,,,,,,,,,,,,,
092615,1640,13,R,10.00,133496,13400003,L,09/24/15,,,,,,,,,,,,,
092615,1640,13,15,,133496,13401000,L,09/20/15,,,,,,,,,,,,,62.00
092615,1640,13,15,,133496,13401000,L,09/21/15,,,,,,,,,,,,,62.00
092615,1640,13,O,5,133496,13400003,L,09/21/15,,,,,,,,,,,,,
092615,1640,13,15,,133496,13401000,L,09/22/15,,,,,,,,,,,,,62.00
092615,1640,13,O,2,133496,13400003,L,09/22/15,,,,,,,,,,,,,
092615,1640,13,15,,133496,13401000,L,09/23/15,,,,,,,,,,,,,62.00
092615,1640,13,15,,133496,13401000,L,09/24/15,,,,,,,,,,,,,62.00
092615,1654,14,R,8.00,154248,14400001,L,09/20/15,,,,,,,,,,,,,
092615,1654,14,R,8.00,154248,14400001,L,09/21/15,,,,,,,,,,,,,
092615,1654,14,R,8.00,154248,14400001,L,09/22/15,,,,,,,,,,,,,
092615,1654,14,R,8.00,154248,14400001,L,09/23/15,,,,,,,,,,,,,
092615,1654,14,R,8.00,154248,14400001,L,09/24/15,,,,,,,,,,,,,
092615,1654,14,15,,154248,14401000,L,09/20/15,,,,,,,,,,,,,25.00
092615,1654,14,15,,154248,14401000,L,09/21/15,,,,,,,,,,,,,25.00
092615,1654,14,15,,154248,14401000,L,09/22/15,,,,,,,,,,,,,25.00
092615,1654,14,15,,154248,14401000,L,09/23/15,,,,,,,,,,,,,25.00
092615,1654,14,15,,154248,14401000,L,09/24/15,,,,,,,,,,,,,25.00
092615,1654,14,15,,154248,14401000,L,09/25/15,,,,,,,,,,,,,25.00
092615,1666,14,R,4.00,154316,14400005,L,09/21/15,,,,,,,,,,,,,
092615,1666,14,R,6.00,154256,14400005,L,09/21/15,,,,,,,,,,,,,
092615,1666,14,R,6.00,154291,14400005,L,09/21/15,,,,,,,,,,,,,
092615,1666,14,R,8.00,154244,14400005,L,09/22/15,,,,,,,,,,,,,
092615,1666,14,R,4.00,154110,14400005,L,09/22/15,,,,,,,,,,,,,
092615,1666,14,R,5.00,154110,14400005,L,09/23/15,,,,,,,,,,,,,
092615,1666,14,R,6.00,154256,14400005,L,09/23/15,,,,,,,,,,,,,
092615,1666,14,R,1,154256,14400005,L,09/24/15,,,,,,,,,,,,,
092615,1666,14,O,6,154101,14400005,L,09/24/15,,,,,,,,,,,,,
092615,1666,14,O,6,154110,14400005,L,09/24/15,,,,,,,,,,,,,
092615,1666,14,O,4,154256,14400005,L,09/25/15,,,,,,,,,,,,,
092615,1666,14,O,3,154282,14400005,L,09/25/15,,,,,,,,,,,,,
092615,1666,14,O,5,154244,14400005,L,09/25/15,,,,,,,,,,,,,
092615,1666,14,O,10,154282,14400005,L,09/26/15,,,,,,,,,,,,,
092615,1666,14,O,4,154256,14400005,L,09/24/15,,,,,,,,,,,,,
092615,1666,14,15,,154282,14401000,L,09/25/15,,,,,,,,,,,,,75.00
092615,1666,14,15,,154282,14401000,L,09/26/15,,,,,,,,,,,,,75.00
092615,1668,13,R,10,133495,13400003,L,09/21/15,,,,,,,,,,,,,
092615,1668,13,R,10,133495,13400003,L,09/22/15,,,,,,,,,,,,,
092615,1668,13,R,10,133495,13400003,L,09/23/15,,,,,,,,,,,,,
092615,1668,13,R,10,133495,13400003,L,09/24/15,,,,,,,,,,,,,
092615,1668,13,O,2,153184,13400003,L,09/24/15,,,,,,,,,,,,,
092615,1668,13,O,12,133495,13400003,L,09/25/15,,,,,,,,,,,,,
092615,1668,13,O,8,133495,13400003,L,09/26/15,,,,,,,,,,,,,
092615,1668,13,O,0.5,133495,13400003,L,09/21/15,,,,,,,,,,,,,
092615,1668,13,O,1,133495,13400003,L,09/22/15,,,,,,,,,,,,,
092615,1668,13,O,1,133495,13400003,L,09/23/15,,,,,,,,,,,,,
092615,1668,13,O,1,133495,13400003,L,09/24/15,,,,,,,,,,,,,
092615,1668,13,15,,153184,13401000,L,09/24/15,,,,,,,,,,,,,20.00
092615,1669,13,R,10,133495,13400003,L,09/21/15,,,,,,,,,,,,,
092615,1669,13,R,10,133495,13400003,L,09/22/15,,,,,,,,,,,,,
092615,1669,13,R,10,133495,13400003,L,09/23/15,,,,,,,,,,,,,
092615,1669,13,R,10,133495,13400003,L,09/24/15,,,,,,,,,,,,,
092615,1669,13,O,12,133495,13400003,L,09/25/15,,,,,,,,,,,,,
092615,1669,13,O,8,133495,13400003,L,09/26/15,,,,,,,,,,,,,
092615,1669,13,O,1,133495,13400003,L,09/21/15,,,,,,,,,,,,,
092615,1669,13,O,1,133495,13400003,L,09/22/15,,,,,,,,,,,,,
092615,1669,13,O,1,133495,13400003,L,09/23/15,,,,,,,,,,,,,
092615,1669,13,O,1,133495,13400003,L,09/24/15,,,,,,,,,,,,,
092615,1671,14,R,10.00,154256,14400003,L,09/21/15,,,,,,,,,,,,,
092615,1671,14,R,10.00,154256,14400003,L,09/22/15,,,,,,,,,,,,,
092615,1671,14,R,10.00,154256,14400003,L,09/23/15,,,,,,,,,,,,,
092615,1671,14,R,10,154256,14400003,L,09/24/15,,,,,,,,,,,,,
092615,1671,14,O,10,154256,14400003,L,09/25/15,,,,,,,,,,,,,
092615,1671,14,O,8,154256,14400003,L,09/26/15,,,,,,,,,,,,,
092615,1671,14,O,0,154256,14400003,L,09/24/15,,,,,,,,,,,,,
092615,1678,13,R,10,133495,13400003,L,09/21/15,,,,,,,,,,,,,
092615,1678,13,R,10,133495,13400003,L,09/22/15,,,,,,,,,,,,,
092615,1678,13,R,9.50,133495,13400003,L,09/23/15,,,,,,,,,,,,,
092615,1678,13,R,10,133495,13400003,L,09/24/15,,,,,,,,,,,,,
092615,1678,13,R,0.5,133495,13400003,L,09/25/15,,,,,,,,,,,,,
092615,1678,13,O,0.5,133495,13400003,L,09/21/15,,,,,,,,,,,,,
092615,1678,13,O,0.5,133495,13400003,L,09/22/15,,,,,,,,,,,,,
092615,1678,13,O,1,133495,13400003,L,09/24/15,,,,,,,,,,,,,
092615,1678,13,O,2,133495,13400003,L,09/25/15,,,,,,,,,,,,,
092615,1678,13,O,9.5,133495,13400003,L,09/25/15,,,,,,,,,,,,,
092615,1695,14,R,10.00,154316,14400003,L,09/20/15,,,,,,,,,,,,,
092615,1695,14,R,8.00,154316,14400003,L,09/21/15,,,,,,,,,,,,,
092615,1695,14,R,11.00,154316,14400003,L,09/22/15,,,,,,,,,,,,,
092615,1695,14,R,11,154244,14400003,L,09/23/15,,,,,,,,,,,,,
092615,1695,14,O,10,154244,14400003,L,09/24/15,,,,,,,,,,,,,
092615,1695,14,O,12,154244,14400003,L,09/25/15,,,,,,,,,,,,,
092615,1695,14,O,11,154244,14400003,L,09/26/15,,,,,,,,,,,,,
092615,1695,14,15,,154316,14401000,L,09/20/15,,,,,,,,,,,,,25.00
092615,1695,14,15,,154316,14401000,L,09/21/15,,,,,,,,,,,,,25.00
092615,1695,14,15,,154244,14401000,L,09/23/15,,,,,,,,,,,,,25.00
092615,1695,14,O,0,154244,14400003,L,09/23/15,,,,,,,,,,,,,
092615,1695,14,15,,154244,14401000,L,09/24/15,,,,,,,,,,,,,25.00
092615,1695,14,15,,154244,14401000,L,09/25/15,,,,,,,,,,,,,25.00
092615,1695,14,15,,154244,14401000,L,09/26/15,,,,,,,,,,,,,25.00
092615,1700,13,R,9.50,143437,13400002,L,09/21/15,,,,,,,,,,,,,
092615,1700,13,R,9.50,143437,13400002,L,09/22/15,,,,,,,,,,,,,
092615,1700,13,R,9.50,143437,13400002,L,09/23/15,,,,,,,,,,,,,
092615,1700,13,R,10,143437,13400002,L,09/24/15,,,,,,,,,,,,,
092615,1700,13,R,1.5,143437,13400002,L,09/25/15,,,,,,,,,,,,,
092615,1700,13,15,,143437,13401000,L,09/20/15,,,,,,,,,,,,,62.00
092615,1700,13,15,,143437,13401000,L,09/21/15,,,,,,,,,,,,,62.00
092615,1700,13,15,,143437,13401000,L,09/22/15,,,,,,,,,,,,,62.00
092615,1700,13,15,,143437,13401000,L,09/23/15,,,,,,,,,,,,,62.00
092615,1700,13,15,,143437,13401000,L,09/24/15,,,,,,,,,,,,,62.00
092615,1700,13,O,0.5,143437,13400002,L,09/24/15,,,,,,,,,,,,,
092615,1700,13,O,6.5,143437,13400002,L,09/25/15,,,,,,,,,,,,,
092615,1702,13,R,8.00,133495,13400002,L,09/21/15,,,,,,,,,,,,,
092615,1702,13,R,8.00,133495,13400002,L,09/22/15,,,,,,,,,,,,,
092615,1702,13,R,8.00,133495,13400002,L,09/23/15,,,,,,,,,,,,,
092615,1702,13,R,8.00,133495,13400002,L,09/24/15,,,,,,,,,,,,,
092615,1702,13,R,8.00,133495,13400002,L,09/25/15,,,,,,,,,,,,,
092615,1717,14,R,9.00,154248,14400002,L,09/21/15,,,,,,,,,,,,,
092615,1717,14,R,9.00,154248,14400002,L,09/22/15,,,,,,,,,,,,,
092615,1717,14,R,9.00,154248,14400002,L,09/23/15,,,,,,,,,,,,,
092615,1717,14,R,10.00,154248,14400002,L,09/24/15,,,,,,,,,,,,,
092615,1717,14,R,3,154248,14400002,L,09/25/15,,,,,,,,,,,,,
092615,1717,14,15,,154248,14401000,L,09/20/15,,,,,,,,,,,,,0.00
092615,1717,14,15,,154248,14401000,L,09/21/15,,,,,,,,,,,,,0.00
092615,1717,14,15,,154248,14401000,L,09/22/15,,,,,,,,,,,,,0.00
092615,1717,14,15,,154248,14401000,L,09/23/15,,,,,,,,,,,,,0.00
092615,1717,14,15,,154248,14401000,L,09/24/15,,,,,,,,,,,,,0.00
092615,1717,14,15,,154248,14401000,L,09/25/15,,,,,,,,,,,,,0.00
092615,1717,14,O,3,154248,14400002,L,09/25/15,,,,,,,,,,,,,
092615,1717,14,15,,154248,14401000,L,09/26/15,,,,,,,,,,,,,0.00
092615,1743,13,D,9.00,133496,13400003,L,09/20/15,,,,,,,,,,,,,
092615,1743,13,R,10,133496,13400003,L,09/21/15,,,,,,,,,,,,,
092615,1743,13,R,10,133496,13400003,L,09/22/15,,,,,,,,,,,,,
092615,1743,13,R,9.00,133496,13400003,L,09/23/15,,,,,,,,,,,,,
092615,1743,13,R,10.00,133496,13400003,L,09/24/15,,,,,,,,,,,,,
092615,1743,13,15,,133496,13401000,L,09/20/15,,,,,,,,,,,,,62.00
092615,1743,13,15,,133496,13401000,L,09/21/15,,,,,,,,,,,,,62.00
092615,1743,13,O,2,133496,13400003,L,09/21/15,,,,,,,,,,,,,
092615,1743,13,15,,133496,13401000,L,09/22/15,,,,,,,,,,,,,62.00
092615,1743,13,O,2,133496,13400003,L,09/22/15,,,,,,,,,,,,,
092615,1743,13,15,,133496,13401000,L,09/23/15,,,,,,,,,,,,,62.00
092615,1743,13,15,,133496,13401000,L,09/24/15,,,,,,,,,,,,,62.00
092615,1744,11,R,10,151190,11400002,L,09/21/15,,,,,,,,,,,,,
092615,1744,11,R,10,151190,11400002,L,09/22/15,,,,,,,,,,,,,
092615,1744,11,R,10,151190,11400002,L,09/23/15,,,,,,,,,,,,,
092615,1744,11,R,10,151190,11400002,L,09/24/15,,,,,,,,,,,,,
092615,1744,11,O,9.5,151190,11400002,L,09/25/15,,,,,,,,,,,,,
092615,1744,11,15,,151190,11401000,L,09/21/15,,,,,,,,,,,,,62.00
092615,1744,11,O,1,151190,11400002,L,09/21/15,,,,,,,,,,,,,
092615,1744,11,15,,151190,11401000,L,09/22/15,,,,,,,,,,,,,62.00
092615,1744,11,O,1,151190,11400002,L,09/22/15,,,,,,,,,,,,,
092615,1744,11,15,,151190,11401000,L,09/23/15,,,,,,,,,,,,,62.00
092615,1744,11,O,1,151190,11400002,L,09/23/15,,,,,,,,,,,,,
092615,1744,11,15,,151190,11401000,L,09/24/15,,,,,,,,,,,,,62.00
092615,1744,11,O,0,151190,11400002,L,09/24/15,,,,,,,,,,,,,
092615,1745,13,R,10.00,153349,13400003,L,09/21/15,,,,,,,,,,,,,
092615,1745,13,R,9.00,153349,13400003,L,09/22/15,,,,,,,,,,,,,
092615,1745,13,R,9.00,153349,13400003,L,09/23/15,,,,,,,,,,,,,
092615,1745,13,R,8.00,153349,13400003,L,09/24/15,,,,,,,,,,,,,
092615,1745,13,15,,153349,13401000,L,09/21/15,,,,,,,,,,,,,62.00
092615,1745,13,15,,153349,13401000,L,09/22/15,,,,,,,,,,,,,62.00
092615,1745,13,15,,153349,13401000,L,09/23/15,,,,,,,,,,,,,62.00
092615,1747,13,R,10.00,153349,13400003,L,09/21/15,,,,,,,,,,,,,
092615,1747,13,R,9.00,153349,13400003,L,09/22/15,,,,,,,,,,,,,
092615,1747,13,R,9.00,153349,13400003,L,09/23/15,,,,,,,,,,,,,
092615,1747,13,R,8.00,153349,13400003,L,09/24/15,,,,,,,,,,,,,
092615,1747,13,15,,153349,13401000,L,09/21/15,,,,,,,,,,,,,62.00
092615,1747,13,15,,153349,13401000,L,09/22/15,,,,,,,,,,,,,62.00
092615,1747,13,15,,153349,13401000,L,09/23/15,,,,,,,,,,,,,62.00
092615,1753,13,R,10.00,153139,13400003,L,09/21/15,,,,,,,,,,,,,
092615,1753,13,R,10.00,153139,13400003,L,09/22/15,,,,,,,,,,,,,
092615,1753,13,R,10.00,153139,13400003,L,09/23/15,,,,,,,,,,,,,
092615,1753,13,R,10,153139,13400003,L,09/24/15,,,,,,,,,,,,,
092615,1753,13,O,5,153139,13400003,L,09/25/15,,,,,,,,,,,,,
092615,1753,13,O,3,153350,13400003,L,09/26/15,,,,,,,,,,,,,
092615,1753,13,O,0,153139,13400003,L,09/24/15,,,,,,,,,,,,,
092615,1758,11,R,9.50,131239,11400002,L,09/21/15,,,,,,,,,,,,,
092615,1758,11,R,9.50,131239,11400002,L,09/22/15,,,,,,,,,,,,,
092615,1758,11,R,9.50,131239,11400002,L,09/23/15,,,,,,,,,,,,,
092615,1758,11,R,9.50,131239,11400002,L,09/24/15,,,,,,,,,,,,,
092615,1758,11,R,2,151190,11400002,L,09/25/15,,,,,,,,,,,,,
092615,1758,11,O,4,131239,11400002,L,09/25/15,,,,,,,,,,,,,
092615,1758,11,O,5,151190,11400002,L,09/25/15,,,,,,,,,,,,,
092615,1761,13,R,9.00,153353,13400003,L,09/21/15,,,,,,,,,,,,,
092615,1761,13,R,10.00,153353,13400003,L,09/22/15,,,,,,,,,,,,,
092615,1761,13,R,9.00,153353,13400003,L,09/23/15,,,,,,,,,,,,,
092615,1761,13,R,9.00,153353,13400003,L,09/24/15,,,,,,,,,,,,,
092615,1761,13,R,3,153353,13400003,L,09/25/15,,,,,,,,,,,,,
092615,1761,13,O,1,153353,13400003,L,09/25/15,,,,,,,,,,,,,
092615,1776,13,R,9.50,143437,13400003,L,09/21/15,,,,,,,,,,,,,
092615,1776,13,R,9.50,143437,13400003,L,09/22/15,,,,,,,,,,,,,
092615,1776,13,R,9.50,143437,13400003,L,09/23/15,,,,,,,,,,,,,
092615,1776,13,R,9.50,143437,13400003,L,09/24/15,,,,,,,,,,,,,
092615,1776,13,R,2,143437,13400003,L,09/25/15,,,,,,,,,,,,,
092615,1776,13,15,,143437,13401000,L,09/21/15,,,,,,,,,,,,,62.00
092615,1776,13,15,,143437,13401000,L,09/22/15,,,,,,,,,,,,,62.00
092615,1776,13,15,,143437,13401000,L,09/23/15,,,,,,,,,,,,,62.00
092615,1776,13,15,,143437,13401000,L,09/24/15,,,,,,,,,,,,,62.00
092615,1776,13,O,6,143437,13400003,L,09/25/15,,,,,,,,,,,,,
092615,1782,13,R,9.50,143437,13400003,L,09/21/15,,,,,,,,,,,,,
092615,1782,13,R,9.50,143437,13400003,L,09/22/15,,,,,,,,,,,,,
092615,1782,13,R,9.50,143437,13400003,L,09/23/15,,,,,,,,,,,,,
092615,1782,13,R,9.50,143437,13400003,L,09/24/15,,,,,,,,,,,,,
092615,1782,13,R,2,143437,13400003,L,09/25/15,,,,,,,,,,,,,
092615,1782,13,15,,143437,13401000,L,09/21/15,,,,,,,,,,,,,62.00
092615,1782,13,15,,143437,13401000,L,09/22/15,,,,,,,,,,,,,62.00
092615,1782,13,15,,143437,13401000,L,09/23/15,,,,,,,,,,,,,62.00
092615,1782,13,15,,143437,13401000,L,09/24/15,,,,,,,,,,,,,62.00
092615,1782,13,O,6,143437,13400003,L,09/25/15,,,,,,,,,,,,,
092615,1785,11,R,10,151190,11400002,L,09/21/15,,,,,,,,,,,,,
092615,1785,11,R,10,151190,11400002,L,09/22/15,,,,,,,,,,,,,
092615,1785,11,R,10,151190,11400002,L,09/23/15,,,,,,,,,,,,,
092615,1785,11,R,10,151190,11400002,L,09/24/15,,,,,,,,,,,,,
092615,1785,11,O,9.5,151190,11400002,L,09/25/15,,,,,,,,,,,,,
092615,1785,11,15,,151190,11401000,L,09/21/15,,,,,,,,,,,,,62.00
092615,1785,11,O,1,151190,11400002,L,09/21/15,,,,,,,,,,,,,
092615,1785,11,15,,151190,11401000,L,09/22/15,,,,,,,,,,,,,62.00
092615,1785,11,O,1,151190,11400002,L,09/22/15,,,,,,,,,,,,,
092615,1785,11,15,,151190,11401000,L,09/23/15,,,,,,,,,,,,,62.00
092615,1785,11,O,1,151190,11400002,L,09/23/15,,,,,,,,,,,,,
092615,1785,11,15,,151190,11401000,L,09/24/15,,,,,,,,,,,,,62.00
092615,1785,11,O,0,151190,11400002,L,09/24/15,,,,,,,,,,,,,
092615,1786,14,R,9.00,154248,14400003,L,09/21/15,,,,,,,,,,,,,
092615,1786,14,R,9.00,154248,14400003,L,09/22/15,,,,,,,,,,,,,
092615,1786,14,R,9.00,154248,14400003,L,09/23/15,,,,,,,,,,,,,
092615,1786,14,R,10.00,154248,14400003,L,09/24/15,,,,,,,,,,,,,
092615,1786,14,R,3,154248,14400003,L,09/25/15,,,,,,,,,,,,,
092615,1786,14,15,,154248,14401000,L,09/20/15,,,,,,,,,,,,,75.00
092615,1786,14,19,,154248,14401000,L,09/20/15,,,,,,,,,,,,,112
092615,1786,14,17,,154248,14400003,L,09/20/15,,,,,,,,,,,,,48.6
092615,1786,14,15,,154248,14401000,L,09/21/15,,,,,,,,,,,,,75.00
092615,1786,14,15,,154248,14401000,L,09/22/15,,,,,,,,,,,,,75.00
092615,1786,14,15,,154248,14401000,L,09/23/15,,,,,,,,,,,,,75.00
092615,1786,14,15,,154248,14401000,L,09/24/15,,,,,,,,,,,,,75.00
092615,1786,14,15,,154248,14401000,L,09/25/15,,,,,,,,,,,,,75.00
092615,1786,14,O,3,154248,14400003,L,09/25/15,,,,,,,,,,,,,
092615,1786,14,15,,154248,14401000,L,09/26/15,,,,,,,,,,,,,75.00
092615,1789,13,R,9.00,153353,13400003,L,09/21/15,,,,,,,,,,,,,
092615,1789,13,R,2.00,153184,13400003,L,09/23/15,,,,,,,,,,,,,
092615,1789,13,15,,153184,13401000,L,09/23/15,,,,,,,,,,,,,20.00
092615,1802,14,R,10.00,154110,14400003,L,09/21/15,,,,,,,,,,,,,
092615,1802,14,R,10.00,154110,14400003,L,09/22/15,,,,,,,,,,,,,
092615,1802,14,R,9.00,154110,14400003,L,09/23/15,,,,,,,,,,,,,
092615,1802,14,R,10.00,154110,14400003,L,09/25/15,,,,,,,,,,,,,
092615,1802,14,R,1,154110,14400003,L,09/26/15,,,,,,,,,,,,,
092615,1802,14,O,7,154110,14400003,L,09/26/15,,,,,,,,,,,,,
092615,1805,14,R,10.00,154110,14400003,L,09/21/15,,,,,,,,,,,,,
092615,1805,14,R,10.00,154110,14400003,L,09/22/15,,,,,,,,,,,,,
092615,1805,14,R,9.00,154110,14400003,L,09/23/15,,,,,,,,,,,,,
092615,1805,14,R,10.00,154110,14400003,L,09/25/15,,,,,,,,,,,,,
092615,1805,14,R,1,154110,14400003,L,09/26/15,,,,,,,,,,,,,
092615,1805,14,O,7,154110,14400003,L,09/26/15,,,,,,,,,,,,,
092615,1811,11,R,9.50,151149,11400003,L,09/21/15,,,,,,,,,,,,,
092615,1811,11,R,8.00,151149,11400003,L,09/21/15,,,,,,,,,,,,,
092615,1811,11,R,5.00,151149,11400003,L,09/22/15,,,,,,,,,,,,,
092615,1811,11,R,3.50,151167,11400003,L,09/22/15,,,,,,,,,,,,,
092615,1811,11,R,4.00,151149,11400003,L,09/23/15,,,,,,,,,,,,,
092615,1811,11,R,4.50,151167,11400003,L,09/23/15,,,,,,,,,,,,,
092615,1811,11,R,5.5,151167,11400003,L,09/24/15,,,,,,,,,,,,,
092615,1811,11,O,2.5,151149,11400003,L,09/24/15,,,,,,,,,,,,,
092615,1811,11,O,5.5,151167,11400003,L,09/25/15,,,,,,,,,,,,,
092615,1811,11,O,0,151167,11400003,L,09/24/15,,,,,,,,,,,,,
092615,1818,14,R,10.00,154256,14400002,L,09/21/15,,,,,,,,,,,,,
092615,1818,14,R,10.00,154256,14400002,L,09/22/15,,,,,,,,,,,,,
092615,1818,14,R,10.00,154256,14400002,L,09/23/15,,,,,,,,,,,,,
092615,1818,14,R,10,154256,14400002,L,09/24/15,,,,,,,,,,,,,
092615,1818,14,O,10,154256,14400002,L,09/25/15,,,,,,,,,,,,,
092615,1818,14,O,8,154256,14400002,L,09/26/15,,,,,,,,,,,,,
092615,1818,14,O,0,154256,14400002,L,09/24/15,,,,,,,,,,,,,
092615,1840,13,R,9.50,143437,13400006,L,09/21/15,,,,,,,,,,,,,
092615,1840,13,R,8.00,143437,13400006,L,09/22/15,,,,,,,,,,,,,
092615,1840,13,R,8.00,143437,13400006,L,09/23/15,,,,,,,,,,,,,
092615,1840,13,R,8.00,143437,13400006,L,09/24/15,,,,,,,,,,,,,
092615,1840,13,R,6.5,143437,13400006,L,09/25/15,,,,,,,,,,,,,
092615,1840,13,15,,143437,13401000,L,09/21/15,,,,,,,,,,,,,62.00
092615,1840,13,O,0,143437,13400006,L,09/25/15,,,,,,,,,,,,,
092615,1866,14,R,8.00,154101,14400003,L,09/21/15,,,,,,,,,,,,,
092615,1866,14,R,8.00,154101,14400003,L,09/22/15,,,,,,,,,,,,,
092615,1866,14,R,8.00,154101,14400003,L,09/23/15,,,,,,,,,,,,,
092615,1866,14,R,8.00,154101,14400003,L,09/24/15,,,,,,,,,,,,,
092615,1866,14,R,8,154101,14400003,L,09/25/15,,,,,,,,,,,,,
092615,1866,14,O,0,154101,14400003,L,09/25/15,,,,,,,,,,,,,
092615,1875,14,R,8.00,154101,14400003,L,09/21/15,,,,,,,,,,,,,
092615,1875,14,R,8.00,154101,14400003,L,09/22/15,,,,,,,,,,,,,
092615,1875,14,R,8.00,154101,14400003,L,09/23/15,,,,,,,,,,,,,
092615,1875,14,R,8.00,154101,14400003,L,09/24/15,,,,,,,,,,,,,
092615,1875,14,R,8,154101,14400003,L,09/25/15,,,,,,,,,,,,,
092615,1875,14,O,0,154101,14400003,L,09/25/15,,,,,,,,,,,,,
092615,1876,13,D,8.00,133496,13400002,L,09/20/15,,,,,,,,,,,,,
092615,1876,13,R,10,133496,13400002,L,09/21/15,,,,,,,,,,,,,
092615,1876,13,R,10,133496,13400002,L,09/22/15,,,,,,,,,,,,,
092615,1876,13,R,8.00,133496,13400002,L,09/23/15,,,,,,,,,,,,,
092615,1876,13,R,10.00,133496,13400002,L,09/24/15,,,,,,,,,,,,,
092615,1876,13,15,,133496,13401000,L,09/20/15,,,,,,,,,,,,,62.00
092615,1876,13,15,,133496,13401000,L,09/21/15,,,,,,,,,,,,,62.00
092615,1876,13,O,5,133496,13400002,L,09/21/15,,,,,,,,,,,,,
092615,1876,13,15,,133496,13401000,L,09/22/15,,,,,,,,,,,,,62.00
092615,1876,13,O,2,133496,13400002,L,09/22/15,,,,,,,,,,,,,
092615,1876,13,15,,133496,13401000,L,09/23/15,,,,,,,,,,,,,62.00
092615,1876,13,15,,133496,13401000,L,09/24/15,,,,,,,,,,,,,62.00
092615,9035,14,R,8.00,154248,14400001,L,09/21/15,,,,,,,,,,,,,
092615,9035,14,R,8.00,154248,14400001,L,09/22/15,,,,,,,,,,,,,
092615,9035,14,R,8.00,154248,14400001,L,09/23/15,,,,,,,,,,,,,
092615,9035,14,R,8.00,154248,14400001,L,09/24/15,,,,,,,,,,,,,
092615,9035,14,R,8.00,154248,14400001,L,09/25/15,,,,,,,,,,,,,
092615,9038,11,R,8.00,151190,11400001,L,09/21/15,,,,,,,,,,,,,
092615,9038,11,R,8.00,151190,11400001,L,09/22/15,,,,,,,,,,,,,
092615,9038,11,R,8.00,151190,11400001,L,09/23/15,,,,,,,,,,,,,
092615,9038,11,R,8.00,151190,11400001,L,09/24/15,,,,,,,,,,,,,
092615,9038,11,R,8.00,151190,11400001,L,09/25/15,,,,,,,,,,,,,
092615,9038,11,15,,151190,11401000,L,09/21/15,,,,,,,,,,,,,72.00
092615,9038,11,15,,151190,11401000,L,09/22/15,,,,,,,,,,,,,72.00
092615,9038,11,15,,151190,11401000,L,09/23/15,,,,,,,,,,,,,72.00
092615,9038,11,15,,151190,11401000,L,09/24/15,,,,,,,,,,,,,72.00
092615,9041,13,R,8.00,143437,13400001,L,09/21/15,,,,,,,,,,,,,
092615,9041,13,R,8.00,143437,13400001,L,09/22/15,,,,,,,,,,,,,
092615,9041,13,R,8.00,143437,13400001,L,09/23/15,,,,,,,,,,,,,
092615,9041,13,R,8.00,143437,13400001,L,09/25/15,,,,,,,,,,,,,
092615,9041,13,15,,143437,13401000,L,09/21/15,,,,,,,,,,,,,72.00
092615,9041,13,15,,143437,13401000,L,09/22/15,,,,,,,,,,,,,72.00
092615,9041,13,15,,143437,13401000,L,09/23/15,,,,,,,,,,,,,72.00
092615,1123,13,R,10.00,153184,13400003,L,09/24/15,,,,,,,,,,,,,
092615,1123,13,15,,153184,13401000,L,09/24/15,,,,,,,,,,,,,20.00
092615,1124,13,R,10.00,153353,13400003,L,09/22/15,,,,,,,,,,,,,
092615,1124,13,R,9.00,153353,13400003,L,09/23/15,,,,,,,,,,,,,
092615,1124,13,R,9.00,153353,13400003,L,09/24/15,,,,,,,,,,,,,
092615,1124,13,R,4.00,153353,13400003,L,09/25/15,,,,,,,,,,,,,
092615,1220,13,R,9.50,153233,13400002,L,09/22/15,,,,,,,,,,,,,
092615,1220,13,R,10.00,153233,13400002,L,09/23/15,,,,,,,,,,,,,
092615,1220,13,R,13.00,153233,13400002,L,09/24/15,,,,,,,,,,,,,
092615,1114,13,R,10.50,133495,13400003,L,09/21/15,,,,,,,,,,,,,
092615,1114,13,R,10.50,133495,13400003,L,09/22/15,,,,,,,,,,,,,
092615,1114,13,R,9.50,133495,13400003,L,09/23/15,,,,,,,,,,,,,
092615,1114,13,R,9.5,133495,13400003,L,09/24/15,,,,,,,,,,,,,
092615,1114,13,O,12,133495,13400003,L,09/25/15,,,,,,,,,,,,,
092615,1114,13,O,8,133495,13400003,L,09/26/15,,,,,,,,,,,,,
092615,1114,13,O,1.5,133495,13400003,L,09/24/15,,,,,,,,,,,,,
092615,1117,14,R,8.00,154291,14400003,L,09/21/15,,,,,,,,,,,,,
092615,1117,14,R,8.00,154291,14400003,L,09/22/15,,,,,,,,,,,,,
092615,1117,14,R,8.00,154256,14400003,L,09/23/15,,,,,,,,,,,,,
092615,1117,14,R,10.00,154110,14400003,L,09/24/15,,,,,,,,,,,,,
092615,1117,14,R,6,154110,14400003,L,09/26/15,,,,,,,,,,,,,
092615,1117,14,O,2,154110,14400003,L,09/26/15,,,,,,,,,,,,,
092615,1353,13,R,10.00,153139,13400003,L,09/21/15,,,,,,,,,,,,,
092615,1353,13,R,10.00,153139,13400003,L,09/22/15,,,,,,,,,,,,,
092615,1353,13,R,10.00,153139,13400003,L,09/23/15,,,,,,,,,,,,,
092615,1353,13,R,10,153139,13400003,L,09/24/15,,,,,,,,,,,,,
092615,1353,13,O,5,153139,13400003,L,09/25/15,,,,,,,,,,,,,
092615,1353,13,O,0,153139,13400003,L,09/24/15,,,,,,,,,,,,,
092615,1105,13,R,9.50,143437,13400003,L,09/21/15,,,,,,,,,,,,,
092615,1105,13,R,9.50,143437,13400003,L,09/22/15,,,,,,,,,,,,,
092615,1105,13,R,9.50,143437,13400003,L,09/23/15,,,,,,,,,,,,,
092615,1105,13,R,9.50,143437,13400003,L,09/24/15,,,,,,,,,,,,,
092615,1105,13,R,2,143437,13400003,L,09/25/15,,,,,,,,,,,,,
092615,1105,13,15,,143437,13401000,L,09/21/15,,,,,,,,,,,,,62.00
092615,1105,13,15,,143437,13401000,L,09/22/15,,,,,,,,,,,,,62.00
092615,1105,13,15,,143437,13401000,L,09/23/15,,,,,,,,,,,,,62.00
092615,1105,13,15,,143437,13401000,L,09/24/15,,,,,,,,,,,,,62.00
092615,1105,13,O,6,143437,13400003,L,09/25/15,,,,,,,,,,,,,
092615,1864,13,R,8.00,153101,13400003,L,09/21/15,,,,,,,,,,,,,
092615,1864,13,R,9.00,153101,13400003,L,09/22/15,,,,,,,,,,,,,
092615,1864,13,R,9.00,153101,13400003,L,09/23/15,,,,,,,,,,,,,
092615,1864,13,R,7.00,153101,13400003,L,09/24/15,,,,,,,,,,,,,
092615,1864,13,R,7,153101,13400003,L,09/25/15,,,,,,,,,,,,,
092615,1864,13,O,1,153101,13400003,L,09/25/15,,,,,,,,,,,,,
092615,1849,13,R,10.00,153139,13400003,L,09/21/15,,,,,,,,,,,,,
092615,1849,13,R,10.00,153139,13400003,L,09/22/15,,,,,,,,,,,,,
092615,1849,13,R,10.00,153139,13400003,L,09/23/15,,,,,,,,,,,,,
092615,1849,13,R,10,153139,13400003,L,09/24/15,,,,,,,,,,,,,
092615,1849,13,O,5,153350,13400003,L,09/25/15,,,,,,,,,,,,,
092615,1849,13,O,0,153139,13400003,L,09/24/15,,,,,,,,,,,,,
092615,1130,13,R,8.00,133495,13400006,L,09/21/15,,,,,,,,,,,,,
092615,1130,13,R,10,133495,13400006,L,09/22/15,,,,,,,,,,,,,
092615,1130,13,R,9.50,133495,13400006,L,09/23/15,,,,,,,,,,,,,
092615,1130,13,R,10,133495,13400006,L,09/24/15,,,,,,,,,,,,,
092615,1130,13,R,2.5,133495,13400006,L,09/25/15,,,,,,,,,,,,,
092615,1130,13,O,8,133495,13400006,L,09/26/15,,,,,,,,,,,,,
092615,1130,13,O,0.5,133495,13400006,L,09/22/15,,,,,,,,,,,,,
092615,1130,13,O,1,133495,13400006,L,09/24/15,,,,,,,,,,,,,
092615,1130,13,O,2,133495,13400006,L,09/25/15,,,,,,,,,,,,,
092615,1130,13,O,7.5,133495,13400006,L,09/25/15,,,,,,,,,,,,,
092615,1133,13,R,10,133495,13400006,L,09/21/15,,,,,,,,,,,,,
092615,1133,13,R,10,133495,13400006,L,09/22/15,,,,,,,,,,,,,
092615,1133,13,R,9.50,133495,13400006,L,09/23/15,,,,,,,,,,,,,
092615,1133,13,R,10,133495,13400006,L,09/24/15,,,,,,,,,,,,,
092615,1133,13,R,0.5,133495,13400006,L,09/25/15,,,,,,,,,,,,,
092615,1133,13,O,8,133495,13400006,L,09/26/15,,,,,,,,,,,,,
092615,1133,13,O,0.5,133495,13400006,L,09/21/15,,,,,,,,,,,,,
092615,1133,13,O,0.5,133495,13400006,L,09/22/15,,,,,,,,,,,,,
092615,1133,13,O,1,133495,13400006,L,09/24/15,,,,,,,,,,,,,
092615,1133,13,O,2,133495,13400006,L,09/25/15,,,,,,,,,,,,,
092615,1133,13,O,9.5,133495,13400006,L,09/25/15,,,,,,,,,,,,,
092615,1661,14,R,9.00,154248,14400003,L,09/21/15,,,,,,,,,,,,,
092615,1661,14,R,9.00,154248,14400003,L,09/22/15,,,,,,,,,,,,,
092615,1661,14,R,9.00,154248,14400003,L,09/23/15,,,,,,,,,,,,,
092615,1661,14,R,10.00,154248,14400003,L,09/24/15,,,,,,,,,,,,,
092615,1661,14,R,3,154248,14400003,L,09/25/15,,,,,,,,,,,,,
092615,1661,14,15,,154248,14401000,L,09/20/15,,,,,,,,,,,,,75.00
092615,1661,14,19,,154248,14401000,L,09/20/15,,,,,,,,,,,,,112
092615,1661,14,17,,154248,14400003,L,09/20/15,,,,,,,,,,,,,53.94
092615,1661,14,15,,154248,14401000,L,09/21/15,,,,,,,,,,,,,75.00
092615,1661,14,15,,154248,14401000,L,09/22/15,,,,,,,,,,,,,75.00
092615,1661,14,15,,154248,14401000,L,09/23/15,,,,,,,,,,,,,75.00
092615,1661,14,15,,154248,14401000,L,09/24/15,,,,,,,,,,,,,75.00
092615,1661,14,15,,154248,14401000,L,09/25/15,,,,,,,,,,,,,75.00
092615,1661,14,O,3,154248,14400003,L,09/25/15,,,,,,,,,,,,,
092615,1661,14,15,,154248,14401000,L,09/26/15,,,,,,,,,,,,,75.00
092615,1716,14,R,9.00,154248,14400003,L,09/21/15,,,,,,,,,,,,,
092615,1716,14,R,9.00,154248,14400003,L,09/22/15,,,,,,,,,,,,,
092615,1716,14,R,9.00,154248,14400003,L,09/23/15,,,,,,,,,,,,,
092615,1716,14,R,10.00,154248,14400003,L,09/24/15,,,,,,,,,,,,,
092615,1716,14,R,3,154248,14400003,L,09/25/15,,,,,,,,,,,,,
092615,1716,14,15,,154248,14401000,L,09/20/15,,,,,,,,,,,,,75.00
092615,1716,14,15,,154248,14401000,L,09/21/15,,,,,,,,,,,,,25.00
092615,1716,14,15,,154248,14401000,L,09/22/15,,,,,,,,,,,,,25.00
092615,1716,14,15,,154248,14401000,L,09/23/15,,,,,,,,,,,,,25.00
092615,1716,14,15,,154248,14401000,L,09/24/15,,,,,,,,,,,,,25.00
092615,1716,14,15,,154248,14401000,L,09/25/15,,,,,,,,,,,,,25.00
092615,1716,14,O,3,154248,14400003,L,09/25/15,,,,,,,,,,,,,
092615,1716,14,15,,154248,14401000,L,09/26/15,,,,,,,,,,,,,25.00
092615,1763,14,R,8.00,154101,14400002,L,09/21/15,,,,,,,,,,,,,
092615,1763,14,R,8.00,154101,14400002,L,09/22/15,,,,,,,,,,,,,
092615,1763,14,R,8.00,154101,14400002,L,09/23/15,,,,,,,,,,,,,
092615,1763,14,R,8.00,154101,14400002,L,09/24/15,,,,,,,,,,,,,
092615,9046,14,R,8.00,154101,14400001,L,09/21/15,,,,,,,,,,,,,
092615,9046,14,R,8.00,154101,14400001,L,09/22/15,,,,,,,,,,,,,
092615,9046,14,R,8.00,154101,14400001,L,09/23/15,,,,,,,,,,,,,
092615,9046,14,R,8.00,154101,14400001,L,09/24/15,,,,,,,,,,,,,
092615,9046,14,R,8.00,154101,14400001,L,09/25/15,,,,,,,,,,,,,
092615,1868,14,R,8.00,154101,14400003,L,09/21/15,,,,,,,,,,,,,
092615,1868,14,R,8.00,154101,14400003,L,09/22/15,,,,,,,,,,,,,
092615,1868,14,R,8.00,154101,14400003,L,09/23/15,,,,,,,,,,,,,
092615,1868,14,R,8.00,154101,14400003,L,09/24/15,,,,,,,,,,,,,
092615,1868,14,R,8,154101,14400003,L,09/25/15,,,,,,,,,,,,,
092615,1868,14,O,0,154101,14400003,L,09/25/15,,,,,,,,,,,,,
092615,1134,13,R,9.50,143437,13400003,L,09/21/15,,,,,,,,,,,,,
092615,1134,13,R,9.50,143437,13400003,L,09/22/15,,,,,,,,,,,,,
092615,1134,13,R,9.50,143437,13400003,L,09/23/15,,,,,,,,,,,,,
092615,1134,13,R,9.50,143437,13400003,L,09/24/15,,,,,,,,,,,,,
092615,1134,13,R,2,143437,13400003,L,09/25/15,,,,,,,,,,,,,
092615,1134,13,15,,143437,13401000,L,09/21/15,,,,,,,,,,,,,62.00
092615,1134,13,15,,143437,13401000,L,09/22/15,,,,,,,,,,,,,62.00
092615,1134,13,15,,143437,13401000,L,09/23/15,,,,,,,,,,,,,62.00
092615,1134,13,15,,143437,13401000,L,09/24/15,,,,,,,,,,,,,62.00
092615,1134,13,O,6,143437,13400003,L,09/25/15,,,,,,,,,,,,,
092615,1137,11,R,10.50,131239,11400003,L,09/21/15,,,,,,,,,,,,,
092615,1137,11,R,10.50,131239,11400003,L,09/22/15,,,,,,,,,,,,,
092615,1137,11,R,11.00,131239,11400003,L,09/23/15,,,,,,,,,,,,,
092615,1137,11,R,8,131239,11400003,L,09/24/15,,,,,,,,,,,,,
092615,1137,11,O,5,131239,11400003,L,09/25/15,,,,,,,,,,,,,
092615,1137,11,O,2.5,131239,11400003,L,09/24/15,,,,,,,,,,,,,
092615,1144,14,R,8.00,154101,14400001,L,09/21/15,,,,,,,,,,,,,
092615,1144,14,R,8.00,154101,14400001,L,09/22/15,,,,,,,,,,,,,
092615,1144,14,R,8.00,154101,14400001,L,09/23/15,,,,,,,,,,,,,
092615,1144,14,R,8.00,154101,14400001,L,09/24/15,,,,,,,,,,,,,
092615,1144,14,R,8.00,154101,14400001,L,09/25/15,,,,,,,,,,,,,
092615,1145,13,R,9.00,153353,13400003,L,09/21/15,,,,,,,,,,,,,
092615,1145,13,R,10.00,153353,13400003,L,09/22/15,,,,,,,,,,,,,
092615,1145,13,R,9.00,153353,13400003,L,09/23/15,,,,,,,,,,,,,
092615,1145,13,R,9.00,153353,13400003,L,09/24/15,,,,,,,,,,,,,
092615,1145,13,R,3,153353,13400003,L,09/25/15,,,,,,,,,,,,,
092615,1145,13,O,1,153353,13400003,L,09/25/15,,,,,,,,,,,,,
092615,1157,13,R,10,133495,13400003,L,09/21/15,,,,,,,,,,,,,
092615,1157,13,R,10,133495,13400003,L,09/22/15,,,,,,,,,,,,,
092615,1157,13,R,9.50,133495,13400003,L,09/23/15,,,,,,,,,,,,,
092615,1157,13,R,10,133495,13400003,L,09/24/15,,,,,,,,,,,,,
092615,1157,13,R,0.5,133495,13400003,L,09/25/15,,,,,,,,,,,,,
092615,1157,13,O,8,133495,13400003,L,09/26/15,,,,,,,,,,,,,
092615,1157,13,O,0.5,133495,13400003,L,09/21/15,,,,,,,,,,,,,
092615,1157,13,O,1,133495,13400003,L,09/22/15,,,,,,,,,,,,,
092615,1157,13,O,1,133495,13400003,L,09/24/15,,,,,,,,,,,,,
092615,1157,13,O,2,133495,13400003,L,09/25/15,,,,,,,,,,,,,
092615,1157,13,O,9.5,133495,13400003,L,09/25/15,,,,,,,,,,,,,
092615,1154,13,R,10,133495,13400003,L,09/21/15,,,,,,,,,,,,,
092615,1154,13,R,10,133495,13400003,L,09/22/15,,,,,,,,,,,,,
092615,1154,13,R,9.50,133495,13400003,L,09/23/15,,,,,,,,,,,,,
092615,1154,13,R,10,133495,13400003,L,09/24/15,,,,,,,,,,,,,
092615,1154,13,R,0.5,133495,13400003,L,09/25/15,,,,,,,,,,,,,
092615,1154,13,O,8,133495,13400003,L,09/26/15,,,,,,,,,,,,,
092615,1154,13,O,0.5,133495,13400003,L,09/21/15,,,,,,,,,,,,,
092615,1154,13,O,1,133495,13400003,L,09/22/15,,,,,,,,,,,,,
092615,1154,13,O,1,133495,13400003,L,09/24/15,,,,,,,,,,,,,
092615,1154,13,O,4,133495,13400003,L,09/25/15,,,,,,,,,,,,,
092615,1155,13,R,10,133495,13400003,L,09/21/15,,,,,,,,,,,,,
092615,1155,13,R,10,133495,13400003,L,09/22/15,,,,,,,,,,,,,
092615,1155,13,R,9.50,133495,13400003,L,09/23/15,,,,,,,,,,,,,
092615,1155,13,R,10,133495,13400003,L,09/24/15,,,,,,,,,,,,,
092615,1155,13,R,0.5,133495,13400003,L,09/25/15,,,,,,,,,,,,,
092615,1155,13,O,8,133495,13400003,L,09/26/15,,,,,,,,,,,,,
092615,1155,13,O,0.5,133495,13400003,L,09/21/15,,,,,,,,,,,,,
092615,1155,13,O,0.5,133495,13400003,L,09/22/15,,,,,,,,,,,,,
092615,1155,13,O,1,133495,13400003,L,09/24/15,,,,,,,,,,,,,
092615,1155,13,O,5,133495,13400003,L,09/25/15,,,,,,,,,,,,,
092615,1158,13,R,10,133495,13400003,L,09/21/15,,,,,,,,,,,,,
092615,1158,13,R,10,133495,13400003,L,09/22/15,,,,,,,,,,,,,
092615,1158,13,R,9.50,133495,13400003,L,09/23/15,,,,,,,,,,,,,
092615,1158,13,R,10,133495,13400003,L,09/24/15,,,,,,,,,,,,,
092615,1158,13,R,0.5,133495,13400003,L,09/25/15,,,,,,,,,,,,,
092615,1158,13,O,0.5,133495,13400003,L,09/21/15,,,,,,,,,,,,,
092615,1158,13,O,1,133495,13400003,L,09/22/15,,,,,,,,,,,,,
092615,1158,13,O,1,133495,13400003,L,09/24/15,,,,,,,,,,,,,
092615,1158,13,O,2,133495,13400003,L,09/25/15,,,,,,,,,,,,,
092615,1158,13,O,9.5,133495,13400003,L,09/25/15,,,,,,,,,,,,,
092615,1162,14,R,10.00,154256,14400003,L,09/21/15,,,,,,,,,,,,,
092615,1162,14,R,10.00,154256,14400003,L,09/22/15,,,,,,,,,,,,,
092615,1162,14,R,10.00,154256,14400003,L,09/23/15,,,,,,,,,,,,,
092615,1162,14,R,10,154110,14400003,L,09/24/15,,,,,,,,,,,,,
092615,1162,14,O,10,154256,14400003,L,09/25/15,,,,,,,,,,,,,
092615,1162,14,O,8,154256,14400003,L,09/26/15,,,,,,,,,,,,,
092615,1162,14,O,0,154110,14400003,L,09/24/15,,,,,,,,,,,,,
092615,1164,11,R,11.00,151190,11400003,L,09/21/15,,,,,,,,,,,,,
092615,1164,11,R,11.00,151190,11400003,L,09/22/15,,,,,,,,,,,,,
092615,1164,11,R,11.00,151190,11400003,L,09/23/15,,,,,,,,,,,,,
092615,1164,11,R,7,151190,11400003,L,09/24/15,,,,,,,,,,,,,
092615,1164,11,O,9.5,151190,11400003,L,09/25/15,,,,,,,,,,,,,
092615,1164,11,O,3,151190,11400003,L,09/24/15,,,,,,,,,,,,,
092615,1165,14,R,10.00,154256,14400002,L,09/21/15,,,,,,,,,,,,,
092615,1165,14,R,10.00,154256,14400002,L,09/22/15,,,,,,,,,,,,,
092615,1165,14,R,10.00,154256,14400002,L,09/23/15,,,,,,,,,,,,,
092615,1165,14,R,10,154256,14400002,L,09/24/15,,,,,,,,,,,,,
092615,1165,14,O,10,154256,14400002,L,09/25/15,,,,,,,,,,,,,
092615,1165,14,O,8,154256,14400002,L,09/26/15,,,,,,,,,,,,,
092615,1165,14,O,0,154256,14400002,L,09/24/15,,,,,,,,,,,,,
